Name,Period,phi31_V,[Fe/H]_V
346213160500048000,0.7789927,4.70622,-3.51
2499726736422924800,0.7590442,4.6712,-3.41
3793584122514601472,0.6761989,4.23328,-3.4
3860665807961435264,0.6747921,4.41872,-3.13
1232643626698893696,0.7527029,4.87927,-3.06
1576712288551499520,0.6597815,4.41211,-3.02
762879723272830464,0.6279059,4.25988,-3
748047070895917184,0.6099311,4.20336,-2.94
2875539776437822592,0.7067601,4.71663,-2.94
841503875630530560,0.6864173,4.62347,-2.92
1027210251394566784,0.651638,4.439,-2.92
4427368119691022720,0.6394306,4.37805,-2.92
687985320516473472,0.6479151,4.42864,-2.91
847844346871485312,0.7160086,4.80097,-2.9
882365507289824768,0.5725894,4.04167,-2.89
864342278327329152,0.5175434,3.76267,-2.86
1467469589218960384,0.5707357,4.05616,-2.85
2798293518308402176,0.7769426,5.17064,-2.83
224547422885044352,0.5713311,4.08329,-2.82
1244692831030704128,0.6141948,4.31238,-2.82
1575195099943294976,0.690538,4.72452,-2.81
2530880157150295808,0.6034498,4.25632,-2.81
726236535476852480,0.5495917,4.00236,-2.77
685465033707458176,0.5892297,4.21828,-2.76
4870497075488741888,0.7022138,4.82654,-2.75
1153436698819701504,0.7567639,5.12738,-2.74
3725869187089445504,0.7343039,5.02315,-2.72
3695069358135366144,0.8011478,5.38719,-2.71
831256908298716800,0.5338462,3.96995,-2.69
1383232533081677056,0.6895425,4.82671,-2.66
3465394126556301056,0.7133255,4.95349,-2.66
1325749962102186880,0.5124746,3.89559,-2.64
3938682995540541440,0.6471801,4.61248,-2.64
2850150816001358976,0.629638,4.52431,-2.63
4016277867574742656,0.5198085,3.93869,-2.63
3955761915813116800,0.6196994,4.4827,-2.62
5271549714159069568,0.8940337,5.94458,-2.62
2538878795004566656,0.5120786,3.91074,-2.61
3704536703005861504,0.5638849,4.18772,-2.61
5165689383172441216,0.7138585,4.98977,-2.61
699047743225863680,0.5720264,4.24804,-2.59
2727237648082657280,0.654492,4.68644,-2.59
775384125418301312,0.6858119,4.86182,-2.58
1276991637932304768,0.6433036,4.64708,-2.56
2503510327732736000,0.6453371,4.6588,-2.56
1181115701458117120,0.6517557,4.70023,-2.55
2852973361133806464,0.7947223,5.46428,-2.55
4426793212552412288,0.7060305,4.99322,-2.55
1308799238014230400,0.589278,4.37088,-2.54
2552333797966961664,0.6735575,4.82811,-2.53
1410366074873126016,0.6957165,4.95872,-2.52
1480652905435076480,0.7472107,5.23804,-2.51
2099623285533405952,0.6820212,4.88905,-2.51
1494896838054541312,0.6610616,4.7895,-2.49
1541375221784616960,0.7335264,5.19357,-2.47
3922877687689736576,0.6433789,4.71134,-2.47
4466932018392973184,0.6788699,4.89821,-2.47
3979435290216574464,0.6281664,4.64124,-2.46
1535258393785510400,0.5329419,4.13662,-2.45
2685653529909699456,0.6517869,4.76959,-2.45
2675001912231333632,0.67491,4.89934,-2.44
3197490902903526528,0.8259182,5.70855,-2.44
3844138632072505856,0.6587246,4.81587,-2.44
273264893325541120,0.6222129,4.6259,-2.43
1153973191774682624,0.6814232,4.9454,-2.43
1319786348472618880,0.6654058,4.85464,-2.43
1326263330953312640,0.7308907,5.2045,-2.43
1408109086739131264,0.6411653,4.72561,-2.43
3486473757325180032,0.6503014,4.77703,-2.43
3657243306280825984,0.6712646,4.88669,-2.43
3957094077229881472,0.6614238,4.8361,-2.43
369362136574999680,0.6954939,5.02799,-2.42
1266432409295131776,0.6617336,4.8486,-2.42
852322825233930112,0.6997871,5.05877,-2.41
3662743578839021824,0.7609628,5.39139,-2.4
3940126448149189248,0.6009802,4.53675,-2.4
854898847834477056,0.6636839,4.89221,-2.37
1467760341325305472,0.6318417,4.72292,-2.37
3932819261374395008,0.5653763,4.36789,-2.37
4415013732163213056,0.7428762,5.31095,-2.37
1396404270065043840,0.6440327,4.79319,-2.36
338409926477347456,0.6068418,4.59934,-2.35
1541258536115214464,0.6483123,4.82141,-2.35
6917208279484804096,0.6909775,5.05356,-2.35
178358107630431616,0.6325312,4.75216,-2.33
1244575492524016128,0.56709,4.40428,-2.33
1308069913910408704,0.6498127,4.84349,-2.33
3938020333627916928,0.6710585,4.95468,-2.33
323281780349038464,0.6219962,4.70346,-2.32
1571925942637170432,0.6190728,4.68955,-2.32
3267054907647771136,0.6728492,4.97824,-2.32
3834029481648387968,0.8339288,5.83441,-2.32
873626206619714560,0.6494444,4.85428,-2.31
1912453760434108928,0.630413,4.76108,-2.3
3950879774947992832,0.7336073,5.3115,-2.3
4466255853102378752,0.6782467,5.02072,-2.3
4501066631756648704,0.6114145,4.66036,-2.3
14233869512030080,0.6670034,4.96473,-2.29
1574640808643875200,0.5889541,4.54654,-2.29
1745975266063238912,0.670648,4.98503,-2.29
3291242857789707904,0.7642897,5.4809,-2.29
3657112189519325696,0.6526166,4.89003,-2.29
4031949339948687360,0.5919019,4.56109,-2.29
4456414880435961728,0.6328951,4.77983,-2.29
2364039098815563392,0.4623789,3.88225,-2.28
2776376712513580288,0.6913783,5.1011,-2.28
3120245675569582720,0.550134,4.35047,-2.28
114797397716085120,0.7693351,5.52813,-2.27
736787964453532288,0.8043403,5.71039,-2.27
2125430605844418304,0.586909,4.54847,-2.27
582943919537481344,0.5866359,4.5593,-2.26
1271689311831245568,0.6535233,4.9126,-2.26
3647966829756640384,0.68278,5.07011,-2.26
1351107483377452288,0.6959273,5.15025,-2.25
1445914591468786688,0.5549657,4.39473,-2.25
3662406853402985472,0.6261235,4.77788,-2.25
748729897681241856,0.6464106,4.88812,-2.24
1566907050012358272,0.7419756,5.39988,-2.24
1785517685627427328,0.562448,4.44405,-2.24
3738888366835050496,0.588472,4.57761,-2.24
918642072381771392,0.5561488,4.41401,-2.23
1258317631228962816,0.6009313,4.65242,-2.23
1334599720740513024,0.7274482,5.32714,-2.23
1462523539240966272,0.7038071,5.2055,-2.23
1022285989786150656,0.6921455,5.14841,-2.22
2958812526519964928,0.6498402,4.9242,-2.22
5032510629236996608,0.6247431,4.78742,-2.22
1239603363504114560,0.6171217,4.75117,-2.21
1498913766347349120,0.6884338,5.13208,-2.21
2383252342956243328,0.5820504,4.56725,-2.21
2547009241111707264,0.6803933,5.09583,-2.21
6836508627130440064,0.8000734,5.7309,-2.21
923270707098470272,0.6206499,4.78218,-2.2
1206247685411755648,0.6150769,4.75215,-2.2
3882560005048361088,0.6581783,4.98027,-2.2
786705418699669632,0.6811352,5.10992,-2.19
1285983512743696000,0.7045718,5.23384,-2.19
4009676296682624768,0.5706844,4.51757,-2.19
1441253349362043520,0.8254716,5.89109,-2.18
1477548743590481280,0.5718787,4.53351,-2.18
3785081118060878336,0.672851,5.07524,-2.18
4454183799545435008,0.7465916,5.4676,-2.18
6165638278845537792,0.8453123,5.99394,-2.18
663638971983488640,0.6290454,4.84823,-2.17
1207992850882594560,0.646491,4.93847,-2.17
1420394509976448000,0.5271448,4.3031,-2.17
1767153543637028864,0.6609462,5.01516,-2.17
2818675543310377856,0.7166176,5.31192,-2.17
2880358592304959872,0.8198858,5.86782,-2.17
1264746445652712320,0.5774987,4.57658,-2.16
3813895778771753472,0.5807442,4.59752,-2.16
1013918122184032000,0.5472684,4.42702,-2.15
1165508443140102784,0.5601447,4.4919,-2.15
1195499753091217664,0.644803,4.94183,-2.15
1398489837464855040,0.5081578,4.21272,-2.15
1420217733417559936,0.8447812,6.01309,-2.15
2653802189881669760,0.5327256,4.3451,-2.15
3962896573750515456,0.6040633,4.72765,-2.15
370067649378653440,0.7227658,5.36806,-2.14
1279487318872809216,0.5510519,4.45244,-2.14
2482520959996380288,0.5582627,4.48912,-2.14
2690410193305422592,0.5712797,4.55685,-2.14
1207907157695092224,0.5234626,4.30956,-2.13
1356025457153174656,0.6494549,4.98367,-2.13
1574545357290594432,0.6448328,4.96218,-2.13
2036756887155412096,0.8313663,5.95266,-2.13
3864542956543496704,0.4941339,4.15466,-2.13
1324822386605440128,0.636095,4.9218,-2.12
3362670191147451008,0.5878487,4.65973,-2.12
3464231977125588736,0.6641757,5.0678,-2.12
4353917066465121024,0.7553693,5.55626,-2.12
648057277307484160,0.6578429,5.04242,-2.11
2685237678291407872,0.6420056,4.95969,-2.11
2880246201601060224,0.6913266,5.22156,-2.11
3727833391597367424,0.6508165,5.00183,-2.11
219099823805100416,0.5892833,4.68635,-2.1
881849252220985600,0.5230146,4.32634,-2.1
3652267638208117504,0.6765095,5.15065,-2.1
3882761387474540672,0.5863334,4.6644,-2.1
3908174777685731968,0.7255642,5.4082,-2.1
646165842429919616,0.6363005,4.94367,-2.09
1286256707025987456,0.6425077,4.97256,-2.09
1578257617783832192,0.5421592,4.43879,-2.09
1663532647257282176,0.6300505,4.90827,-2.09
1678004556741218048,0.5425396,4.4407,-2.09
2552132037583250560,0.6873099,5.21497,-2.09
832882673676352512,0.5885865,4.69057,-2.08
1606776990903788928,0.516191,4.30507,-2.08
3362573983880111744,0.6726254,5.14451,-2.08
3722561851817970048,0.5774983,4.63348,-2.08
5757800347763435776,0.7542435,5.57748,-2.08
802810648404085632,0.5149459,4.30714,-2.07
1013227594521401984,0.6936562,5.26396,-2.07
1443871698864581504,0.6745893,5.1605,-2.07
3632110703852863616,0.6515542,5.03685,-2.07
3667828162987142912,0.5670575,4.58247,-2.07
3693498877573835520,0.6235304,4.88534,-2.07
3719687320401261312,0.5472396,4.47868,-2.07
3777972225631078400,0.711553,5.35583,-2.07
3833554806157884928,0.6053111,4.79084,-2.07
3920084172241132928,0.5617541,4.55745,-2.07
3953442289875737472,0.6717573,5.14646,-2.07
4428085718531642880,0.5817035,4.66477,-2.07
93538099874915968,0.6071876,4.80898,-2.06
1353204630008969728,0.6129749,4.84021,-2.06
1385222065012276224,0.5745696,4.63221,-2.06
1533880980593444352,0.6977962,5.29188,-2.06
2580618253555098624,0.7341806,5.482,-2.06
3654108942227406976,0.7936233,5.80055,-2.06
3728127824491088896,0.6193049,4.87151,-2.06
5446376529740872064,0.6620314,5.09891,-2.06
5901010294175491072,0.7806582,5.73048,-2.06
804268983081052032,0.6722315,5.16411,-2.05
1196253502675947008,0.6335903,4.95208,-2.05
1264888488811080704,0.5359801,4.43725,-2.05
1911728361934556416,0.6346754,4.96389,-2.05
2464543734428251136,0.5897054,4.72176,-2.05
3861510091157167872,0.5921494,4.73569,-2.05
3950243462657374208,0.5513781,4.51605,-2.05
4422581327100436992,0.7115256,5.37351,-2.05
4462588397708107904,0.6919727,5.26628,-2.05
4550091931093504896,0.627558,4.92426,-2.05
733011421184981888,0.7928096,5.80998,-2.04
736244844363837056,0.7102842,5.37154,-2.04
939965485495731712,0.6681476,5.14781,-2.04
1469498703568855808,0.5015438,4.25935,-2.04
1533344629373289856,0.6548868,5.0763,-2.04
3960226688935833728,0.7578821,5.62751,-2.04
593234665474220032,0.6504265,5.0594,-2.03
693662339568755072,0.6703281,5.16362,-2.03
1395400175430908928,0.6245694,4.92255,-2.03
3665860522504930560,0.6292076,4.94509,-2.03
6652342735882582144,0.7308585,5.48946,-2.03
478544023470366080,0.5774484,4.67753,-2.02
782648319570158080,0.5188802,4.36344,-2.02
1287052719086555520,0.5772398,4.67487,-2.02
1520939767390027776,0.6554811,5.09333,-2.02
4000256643128125184,0.7383952,5.53688,-2.02
4375802364381616768,0.5961377,4.77355,-2.02
6714234073608169856,0.6170111,4.88738,-2.02
69969728833405184,0.7348287,5.52255,-2.01
577776867722849024,0.4798191,4.16007,-2.01
1180089444792539008,0.611537,4.86546,-2.01
1247834754226378752,0.620332,4.90905,-2.01
1384219344767684480,0.465938,4.08899,-2.01
1421387029674782208,0.5640835,4.61428,-2.01
4005951666683128704,0.6426696,5.0345,-2.01
4490885841278442752,0.7777172,5.75144,-2.01
6106206239392766208,0.6735289,5.19688,-2.01
368702468253868672,0.5969579,4.79379,-2
808205921898416384,0.6517385,5.08774,-2
1240817739737143296,0.5629008,4.61226,-2
1524274379999174400,0.5841138,4.72907,-2
1534440395789336704,0.7364619,5.53913,-2
3313725808993524736,0.6229341,4.9329,-2
3790412959181425152,0.5899352,4.75452,-2
3939848580945093504,0.5390723,4.48555,-2
1239109442264988032,0.7112341,5.4094,-1.99
1393364910688739200,0.5873146,4.75257,-1.99
1541023721662446080,0.5928121,4.77666,-1.99
1741699089243885568,0.6154666,4.89815,-1.99
2515474766589659776,0.619514,4.9246,-1.99
3674730695123119616,0.5913266,4.77121,-1.99
368336773262512640,0.6552793,5.11851,-1.98
736682690510425472,0.7283238,5.51306,-1.98
803149748959744000,0.7511764,5.63154,-1.98
1178275113167632896,0.6087524,4.8743,-1.98
1215704275684016384,0.5561655,4.59106,-1.98
1245988674203920768,0.617057,4.91485,-1.98
2576046827804121728,0.635958,5.01681,-1.98
3880316550356179584,0.6868792,5.28637,-1.98
3892831505236595456,0.7677153,5.72044,-1.98
3893927924487491328,0.5911278,4.77543,-1.98
4014459618939954176,0.5895916,4.76731,-1.98
1228241869336033280,0.7138412,5.44154,-1.97
1412229850162058112,0.5100256,4.3514,-1.97
2503919552216841728,0.6119553,4.89454,-1.97
4009940454351088128,0.5294458,4.45527,-1.97
1265310838715065088,0.594725,4.81112,-1.96
1339037972441141120,0.5111777,4.36708,-1.96
2470173616216090240,0.5925368,4.79897,-1.96
3842309014659179904,0.6124825,4.90271,-1.96
4450063792037290752,0.8168193,5.99743,-1.96
4565345524624212864,0.6097203,4.89278,-1.96
136503307733082624,0.721213,5.49498,-1.95
579670437198935552,0.6917567,5.33904,-1.95
590033059412994816,0.4860041,4.23568,-1.95
827788601945188224,0.6026311,4.85755,-1.95
1155496633854537856,0.6626967,5.17768,-1.95
1586807007884877056,0.7510184,5.64922,-1.95
1770239941496273664,0.5250826,4.44456,-1.95
2628976007599900800,0.5426163,4.54229,-1.95
3968739966951465856,0.7277647,5.53015,-1.95
4575461890593262976,0.6225561,4.96305,-1.95
619932010387137280,0.6538363,5.14169,-1.94
685215891244781440,0.4761644,4.19226,-1.94
818908052687020288,0.5919724,4.807,-1.94
1243407982974171392,0.6512839,5.12729,-1.94
1291395476478245120,0.4967677,4.30338,-1.94
1853702254260781440,0.7089552,5.43587,-1.94
2590666312364117120,0.5639891,4.65774,-1.94
2730945746752332928,0.5855931,4.77758,-1.94
3703236182612660096,0.5159873,4.4041,-1.94
3725801803347130496,0.5367431,4.51717,-1.94
3915277485361324416,0.633054,5.02803,-1.94
3916509281982042624,0.5647372,4.66509,-1.94
3926021603750283264,0.5536993,4.60606,-1.94
4409409933716995200,0.6259301,4.99446,-1.94
116094104178204928,0.5377778,4.53076,-1.93
657203427346091648,0.6609336,5.1852,-1.93
670484634456082560,0.6033101,4.88034,-1.93
1220940459297407232,0.5267614,4.46782,-1.93
1270551008059102336,0.5846177,4.77533,-1.93
1306930514923721216,0.5172003,4.41979,-1.93
1330694775129784064,0.7578469,5.70592,-1.93
2111260138641873152,0.5961489,4.83597,-1.93
2499396539337329920,0.6515058,5.13337,-1.93
2700807278336665344,0.6054667,4.89145,-1.93
3815964372460155264,0.5552601,4.62404,-1.93
3896902000361602816,0.6474284,5.11281,-1.93
4417682487402538624,0.6381583,5.06575,-1.93
4435022610407573376,0.6319133,5.0308,-1.93
496563507219380224,0.6799231,5.29242,-1.92
1528538560969496064,0.6928841,5.35998,-1.92
1936068285199840128,0.6259049,5.004,-1.92
3695743083885519744,0.5834852,4.77933,-1.92
3795033278840733568,0.4718246,4.1859,-1.92
3937972676669076224,0.6519492,5.146,-1.92
671551538692639872,0.6898607,5.35411,-1.91
1195170655517185920,0.4779809,4.21997,-1.91
1730825542017171584,0.5068395,4.37331,-1.91
2509715971360114176,0.731413,5.57238,-1.91
3634926759290069248,0.6141266,4.94794,-1.91
3721900426854455424,0.5778786,4.75805,-1.91
3797319369672686592,0.626341,5.01458,-1.91
4425333988823044224,0.6020341,4.88685,-1.91
693554003315091968,0.5831444,4.78864,-1.9
1105633987693962368,0.5870262,4.81373,-1.9
1210503791842798720,0.6051982,4.90673,-1.9
1247621002294070784,0.8078856,5.99318,-1.9
1267645720376152704,0.7492,5.67561,-1.9
1561290607179399040,0.6445817,5.11987,-1.9
2106556462259590272,0.5575725,4.65584,-1.9
2507784713545431424,0.6369885,5.07892,-1.9
3363119101130537088,0.4594351,4.12786,-1.9
3960987654061481344,0.6224302,5.00097,-1.9
756572954640629248,0.5400547,4.56563,-1.89
834383541407917824,0.692099,5.37879,-1.89
921499771822529792,0.6084593,4.93298,-1.89
972437259319856384,0.5643841,4.70105,-1.89
1317162020375745792,0.6056652,4.91491,-1.89
2508075220838550016,0.5576981,4.66427,-1.89
2587784801625524352,0.6276242,5.03375,-1.89
2656624640524890240,0.6005345,4.89401,-1.89
2689818312452404992,0.5280613,4.50116,-1.89
3697186158537399424,0.6718142,5.2734,-1.89
3790530160249194240,0.565641,4.70376,-1.89
4027087402609787904,0.6284275,5.04179,-1.89
51220203721624064,0.4812219,4.25865,-1.88
600595998902787968,0.5895132,4.84148,-1.88
879302091803868160,0.5801516,4.79248,-1.88
1205945697671383808,0.691626,5.38313,-1.88
1436833999813447296,0.6787995,5.31431,-1.88
1454724187872808832,0.5454822,4.60272,-1.88
3742304961779519360,0.5884387,4.83141,-1.88
3814559364103288448,0.5661821,4.71205,-1.88
4426666253317530112,0.5855463,4.819,-1.88
63201135252058368,0.5685659,4.73157,-1.87
704898936088969984,0.5527772,4.6482,-1.87
954155610764922624,0.5453166,4.61264,-1.87
1258913983143514240,0.7112271,5.49592,-1.87
1314060160634591488,0.4959261,4.34408,-1.87
1386607415303100288,0.5937052,4.8654,-1.87
1390370936230828288,0.5060179,4.39766,-1.87
1462990385006034944,0.7369477,5.63537,-1.87
1744013290638832000,0.4713126,4.21689,-1.87
2132161064413068160,0.6872038,5.37071,-1.87
3413672034433091200,0.59081,4.85409,-1.87
3638228317830303616,0.5758235,4.77199,-1.87
3840629540712053888,0.6183605,5.00072,-1.87
320685627237234176,0.6578821,5.21759,-1.86
675237754503574784,0.65369,5.19817,-1.86
1388378556736812032,0.5460794,4.61785,-1.86
1454892172631004032,0.5977145,4.89646,-1.86
1878005550035130240,0.5694893,4.74772,-1.86
2437220148923574272,0.5523301,4.6553,-1.86
2724826998902969216,0.6338059,5.08835,-1.86
3314272163193610624,0.6288338,5.06339,-1.86
3740140126463955584,0.6755894,5.31324,-1.86
4005377618534348032,0.6512864,5.18076,-1.86
4017806016938381824,0.6674432,5.26818,-1.86
362278640287401728,0.5099412,4.438,-1.85
1191734097566667136,0.6510036,5.19168,-1.85
1730368724998872320,0.5497188,4.64572,-1.85
1730643744641402880,0.6737289,5.30916,-1.85
2545654745865659520,0.6258887,5.05377,-1.85
3205151234774283904,0.5795393,4.80903,-1.85
3529882991785403904,0.6811576,5.35255,-1.85
3722708709634867840,0.7647031,5.79247,-1.85
3879174814904863488,0.5380958,4.58911,-1.85
3899088035636281472,0.6071082,4.95348,-1.85
15489408711727488,0.6511669,5.19695,-1.84
20357148550791168,0.4853687,4.3103,-1.84
603823714068589440,0.5391714,4.59976,-1.84
670532875528604288,0.5408864,4.60938,-1.84
673097452040574976,0.6967079,5.44189,-1.84
787901618627398528,0.6469388,5.17678,-1.84
835270778572251648,0.6463412,5.17109,-1.84
1298962800833853312,0.7183097,5.55284,-1.84
1536680719450671616,0.5596635,4.70534,-1.84
2075947570380886400,0.5811298,4.82235,-1.84
2497458508359533184,0.548126,4.64873,-1.84
3706519844025669888,0.6450649,5.16666,-1.84
3867023798373308544,0.7571317,5.75993,-1.84
3870132018960919424,0.5745271,4.78505,-1.84
76956987787109376,0.6161593,5.01725,-1.83
130317455315535872,0.4879607,4.33158,-1.83
787857844320775040,0.5590531,4.71449,-1.83
1319242330735005568,0.7712433,5.84182,-1.83
1378274663353222912,0.6074156,4.9712,-1.83
2779974211480523136,0.5871567,4.85911,-1.83
3865422909443107584,0.5711659,4.77705,-1.83
3893943833046329472,0.5809282,4.83045,-1.83
4003309471522190336,0.5872654,4.86309,-1.83
4426843377770218752,0.5598065,4.71595,-1.83
706499996817231872,0.649404,5.20441,-1.82
714368170745506944,0.6824739,5.3745,-1.82
1155374072667838080,0.5369075,4.60323,-1.82
1516886864450697088,0.6184273,5.03773,-1.82
2679910510094789632,0.5642319,4.7468,-1.82
3264764624927411968,0.4972251,4.38604,-1.82
3362338581015381504,0.6198624,5.04332,-1.82
3662249073484415360,0.6687362,5.30272,-1.82
3798246498493076096,0.6215355,5.0508,-1.82
3826133514987430656,0.6494609,5.20428,-1.82
3989115944638917888,0.4516528,4.14534,-1.82
4444034860543590016,0.4865149,4.33194,-1.82
4456432403902651264,0.5797708,4.82727,-1.82
6897755139944897024,0.7974771,5.98905,-1.82
76878853742140800,0.5068597,4.44578,-1.81
348128166158130688,0.6237008,5.07073,-1.81
355144665252064512,0.5032448,4.4255,-1.81
576582596231278592,0.5753502,4.81597,-1.81
594418049223474816,0.5085752,4.45648,-1.81
1157453691537124480,0.5244619,4.54418,-1.81
1199991739128715264,0.5943806,4.91229,-1.81
1331030023097149952,0.5631242,4.74555,-1.81
1527821060913672576,0.6898194,5.42274,-1.81
2101971601853190912,0.683632,5.38892,-1.81
3697413482565855232,0.5318927,4.581,-1.81
3741275539722260096,0.6098987,4.99492,-1.81
3991169076445420672,0.5492385,4.67093,-1.81
4016773433785689984,0.6732464,5.33816,-1.81
641523085862046464,0.5991316,4.94872,-1.8
657680512312286848,0.6004419,4.95582,-1.8
1406122200508394880,0.6211699,5.06506,-1.8
1426385924930131712,0.6296028,5.10919,-1.8
1554322589678566400,0.533472,4.59464,-1.8
2119119619555858944,0.5942344,4.92032,-1.8
2704002901507897472,0.5635324,4.75591,-1.8
3692569584089297536,0.5898198,4.89737,-1.8
4567682192993492608,0.5562335,4.71837,-1.8
373700435798463360,0.5509203,4.69648,-1.79
735359286532013440,0.6612295,5.28805,-1.79
868720808507753216,0.6111684,5.01922,-1.79
984620397910357376,0.6623965,5.29016,-1.79
1199020423684197376,0.6572926,5.26725,-1.79
1374971558625266432,0.6222859,5.07989,-1.79
1488328046352354304,0.7308934,5.65853,-1.79
1506445902034177536,0.6157661,5.04527,-1.79
3072937504154247296,0.6408995,5.17505,-1.79
3905987196222446592,0.58951,4.90399,-1.79
4416830537690044416,0.6402514,5.17207,-1.79
749445924564533632,0.5148278,4.5136,-1.78
1308626541672436992,0.562038,4.76447,-1.78
1528760799757778048,0.6539402,5.2552,-1.78
1799727675123571072,0.5720028,4.81483,-1.78
3991834418418680960,0.5628917,4.76388,-1.78
4020530636816415616,0.5100927,4.4861,-1.78
6680420204104678272,0.552951,4.7109,-1.78
31755549372595584,0.514686,4.51398,-1.77
371554704495440000,0.5432535,4.6724,-1.77
625176509053140352,0.6326053,5.15001,-1.77
715169646002569856,0.6001635,4.97047,-1.77
1032533743099023360,0.5754115,4.83923,-1.77
1046279635606572800,0.697847,5.49252,-1.77
1274392358084656256,0.5266649,4.58171,-1.77
1459066056208131072,0.6031254,4.9915,-1.77
1488671437577394816,0.595075,4.94766,-1.77
2845808982023145472,0.568949,4.80883,-1.77
3634061271840225792,0.7393313,5.71686,-1.77
3704951425047862656,0.6521682,5.25109,-1.77
3716785674856051456,0.5612944,4.76633,-1.77
3798974237751712256,0.6458495,5.21882,-1.77
3824667006994369536,0.703726,5.52659,-1.77
3960906320265637888,0.5865874,4.89776,-1.77
4408023483915705088,0.6109105,5.03126,-1.77
4501481182001214464,0.6544722,5.2655,-1.77
380026097990259840,0.6488717,5.24208,-1.76
416406566937480576,0.6180878,5.0762,-1.76
655274162396721536,0.5139119,4.52087,-1.76
1082677146977999872,0.5565439,4.74512,-1.76
1163468196235180160,0.6191591,5.08263,-1.76
1309195813818240640,0.5869823,4.91298,-1.76
1347991811022079104,0.570888,4.82221,-1.76
1424627973340406400,0.612633,5.04868,-1.76
1471878287249220352,0.5276015,4.59078,-1.76
1580506634458411136,0.6185864,5.07898,-1.76
1770039418063209600,0.600486,4.98364,-1.76
2694262091775046784,0.5153799,4.52571,-1.76
2820090954076344960,0.5312457,4.61335,-1.76
3652145592417387392,0.5208154,4.55726,-1.76
3861207862898346624,0.643608,5.20944,-1.76
3916615006896859904,0.6793129,5.4024,-1.76
4408089145376746624,0.5973308,4.96398,-1.76
5220712930756225024,0.609899,5.03579,-1.76
5625333351521002240,0.827097,6.1935,-1.76
639974148856711424,0.586002,4.91316,-1.75
704065849871997568,0.5337227,4.63106,-1.75
1587405932484635264,0.5717454,4.83858,-1.75
2090065230954282112,0.665789,5.33853,-1.75
2643864395767909376,0.5875183,4.91794,-1.75
2737233514449351680,0.4967266,4.43505,-1.75
3873702506878658560,0.5793208,4.87518,-1.75
3976785295394882688,0.6267503,5.12872,-1.75
4423520928509728512,0.647078,5.23543,-1.75
626296292926655360,0.6142971,5.06679,-1.74
679848144197306624,0.530007,4.61716,-1.74
955499832449893760,0.6718626,5.37695,-1.74
1166661173706401024,0.5211551,4.57356,-1.74
1888139302034656000,0.5176526,4.5562,-1.74
2513095590930803968,0.5951508,4.96701,-1.74
2608819623000543744,0.6088753,5.04361,-1.74
3229631792446897408,0.4953133,4.43197,-1.74
3638225496036409856,0.6139172,5.07026,-1.74
3663406721789516544,0.6636069,5.33396,-1.74
5021251939406481280,0.5798512,4.88321,-1.74
56854857216208512,0.605788,5.03414,-1.73
132464045609636736,0.5953173,4.97488,-1.73
315994732676069376,0.5915312,4.95265,-1.73
386583860216531584,0.5592507,4.78014,-1.73
604767752175631744,0.5579956,4.77457,-1.73
623022630198845056,0.5243847,4.59518,-1.73
1054448079287973888,0.5694101,4.83805,-1.73
1265474631587787904,0.6814793,5.43248,-1.73
2719511895270989824,0.604406,5.02185,-1.73
3393560661091267072,0.5726294,4.85318,-1.73
3945591467616528640,0.7194042,5.64003,-1.73
4417888542753226112,0.7140941,5.60899,-1.73
4571132529200188288,0.8059346,6.10018,-1.73
5476074235725080448,0.6179439,5.09504,-1.73
18268974106572416,0.5541744,4.75948,-1.72
371836351270855424,0.648039,5.26189,-1.72
737822540470594304,0.5425706,4.69748,-1.72
838004782954645504,0.5783148,4.8884,-1.72
885094117193035008,0.5491551,4.73838,-1.72
1330968484805659392,0.5611169,4.79883,-1.72
1597413515521704448,0.6452519,5.2465,-1.72
1783805063124879616,0.7372861,5.74278,-1.72
1806844229786970368,0.4963604,4.45384,-1.72
1810698430347027840,0.5273945,4.62207,-1.72
2710315373857215616,0.6110453,5.0636,-1.72
3683700682781785984,0.7379887,5.74431,-1.72
4424680157358824960,0.6351109,5.19311,-1.72
4492918013644824448,0.5848905,4.92372,-1.72
447017447391379456,0.6070804,5.04957,-1.71
605046444013475584,0.5643081,4.82483,-1.71
706631285377114752,0.6229796,5.13447,-1.71
892738540505143936,0.6663587,5.37008,-1.71
929161611225079040,0.5214199,4.59384,-1.71
934167726322258176,0.5014012,4.48567,-1.71
1045837563212574848,0.6111702,5.0768,-1.71
1196737700107586176,0.6529831,5.29468,-1.71
1236047714698428288,0.4865161,4.4111,-1.71
1384060259179147392,0.5270244,4.62192,-1.71
1464633673853078528,0.6155337,5.09638,-1.71
2568079148073936896,0.5760807,4.88958,-1.71
2847052014277106304,0.5867942,4.94557,-1.71
3961180206035332736,0.5399741,4.69696,-1.71
3994607794765931520,0.6308728,5.18038,-1.71
4387211137548084352,0.7376572,5.74717,-1.71
65799212510085504,0.58804,4.95977,-1.7
680915598189205888,0.5636207,4.82416,-1.7
734933981690515584,0.5624404,4.82142,-1.7
956802749432651264,0.5937379,4.98921,-1.7
1058066262817534336,0.6604071,5.34566,-1.7
1354588296672698368,0.6822884,5.4588,-1.7
2381771781829913984,0.6337409,5.19879,-1.7
4584558287730260864,0.5252275,4.62539,-1.7
289092844240061440,0.5580031,4.80292,-1.69
942435847605554176,0.5683662,4.85992,-1.69
952222218351364096,0.5221393,4.61606,-1.69
976575065172026624,0.6172552,5.12117,-1.69
1853574882706896128,0.5851229,4.95211,-1.69
2105620292531236352,0.5046258,4.52159,-1.69
2718871189228949248,0.6190965,5.12776,-1.69
3075045401087186048,0.5370596,4.69406,-1.69
3735772419601872640,0.5455783,4.74078,-1.69
4431597116290673792,0.6471024,5.28172,-1.69
4490012554168335360,0.7653232,5.91388,-1.69
4817314007291679872,0.5709077,4.87595,-1.69
150700408030576384,0.6022393,5.04942,-1.68
300972620701970048,0.49363,4.47084,-1.68
608226781396784512,0.6504314,5.30199,-1.68
1295110730564679552,0.6301872,5.19442,-1.68
1388055265958821248,0.5301604,4.66018,-1.68
1452719090975843968,0.6315946,5.2024,-1.68
1461693854637651840,0.5871025,4.96557,-1.68
1506649174246461440,0.6006826,5.0408,-1.68
2882098736958632704,0.4576748,4.27366,-1.68
3682542862677629056,0.5363464,4.69235,-1.68
3712312857258999424,0.7542265,5.86033,-1.68
836280783082288640,0.6159925,5.13123,-1.67
1218720064281270016,0.5267459,4.65242,-1.67
1260480306176910976,0.6053184,5.07434,-1.67
1377824928737181568,0.6378516,5.24163,-1.67
1744844177832333312,0.6363004,5.23767,-1.67
2102554514813356160,0.5274018,4.65812,-1.67
2694973265344855424,0.702587,5.5934,-1.67
2705641143769036800,0.6025703,5.05514,-1.67
2880859694729671296,0.6101143,5.09881,-1.67
3614670765809324800,0.6138251,5.11424,-1.67
3693492005626229376,0.5429963,4.73899,-1.67
3718107322192194048,0.6065325,5.0761,-1.67
3806639036387771904,0.4877231,4.44081,-1.67
6322601191571653504,0.7789196,5.99661,-1.67
141197844426867072,0.5446713,4.75169,-1.66
591945999191164032,0.5227888,4.63564,-1.66
685105970145631744,0.6191642,5.14991,-1.66
876916293302926720,0.6159118,5.13251,-1.66
1189321116218730368,0.6008832,5.05692,-1.66
1190757142828120320,0.5726843,4.9019,-1.66
1244104867187784320,0.5790767,4.9388,-1.66
1550566383080668928,0.5179383,4.61089,-1.66
1595454357599460096,0.6768795,5.45817,-1.66
2135957059589935360,0.498802,4.5095,-1.66
2815905907878788864,0.6551152,5.34122,-1.66
3070747311354499712,0.64355,5.28236,-1.66
3668427091882038272,0.6338667,5.22826,-1.66
3966562414236992000,0.5369649,4.71648,-1.66
4318559280826497536,0.5791741,4.93947,-1.66
4555002212591497728,0.5752941,4.91597,-1.66
4558801506294288384,0.6286806,5.20437,-1.66
4561274960781386112,0.6279425,5.19936,-1.66
4565641151516533632,0.4782724,4.40196,-1.66
322765662719561088,0.5506287,4.79391,-1.65
691590069388547840,0.592484,5.01602,-1.65
1023441679586076160,0.5483153,4.77796,-1.65
1226934275132808448,0.5793042,4.94531,-1.65
1321815050504833792,0.6176343,5.15309,-1.65
1326173514597193728,0.6137397,5.13308,-1.65
1330934193786952320,0.5020696,4.5352,-1.65
1347864542550767616,0.5988232,5.04841,-1.65
1497169940906156032,0.6159465,5.1447,-1.65
1556299889541731712,0.6524412,5.33992,-1.65
1571441504685677568,0.6516959,5.33508,-1.65
1607915157237788544,0.5825642,4.96378,-1.65
1942974317734983936,0.5257173,4.66084,-1.65
2681969375682189824,0.5662164,4.87357,-1.65
2973954279102006656,0.6561496,5.35452,-1.65
3151392984555946624,0.5977658,5.04536,-1.65
4428500822825762304,0.5644115,4.86807,-1.65
633875879411678336,0.6470674,5.31364,-1.64
748247383875733760,0.5738492,4.92667,-1.64
792670406711985024,0.5448464,4.76787,-1.64
929331485771814400,0.5468212,4.77847,-1.64
1209051543141041920,0.5904571,5.01518,-1.64
1290710175792391296,0.5560013,4.83065,-1.64
1343435297397825408,0.5960887,5.04531,-1.64
1346738195967640448,0.6212281,5.18053,-1.64
1487733279281294208,0.6078779,5.10262,-1.64
1769533539634579712,0.4624208,4.33146,-1.64
1787326455271143936,0.5290907,4.68687,-1.64
3602791947125146112,0.521184,4.64457,-1.64
3677686044939929728,0.5257616,4.66693,-1.64
4562102102762466176,0.627336,5.2119,-1.64
4603041353070494208,0.6115229,5.12503,-1.64
583387263241743744,0.552605,4.82086,-1.63
619945440749578112,0.6263155,5.21233,-1.63
657925978283612416,0.6214332,5.18811,-1.63
670266862434827776,0.5011424,4.54562,-1.63
821670781809971200,0.5995375,5.06656,-1.63
833085945888534912,0.6010092,5.07538,-1.63
1314699251768025216,0.474099,4.39812,-1.63
1576302170714121088,0.5310272,4.70434,-1.63
1888524234183816448,0.538679,4.74385,-1.63
2606204434594020736,0.5639225,4.87801,-1.63
2850637345600831872,0.5303138,4.70137,-1.63
3249651837603856000,0.5985465,5.06033,-1.63
3642355261710016384,0.6153494,5.1558,-1.63
3712348526962628608,0.6219267,5.18828,-1.63
3866559495228533120,0.6160867,5.15431,-1.63
3951254021218424704,0.6460091,5.31734,-1.63
4412819244396082560,0.55661,4.836,-1.63
4418080922928046208,0.5907888,5.01922,-1.63
4492688078275646976,0.5703201,4.91242,-1.63
4709830423483623808,0.6422579,5.29776,-1.63
77849374617106176,0.5576015,4.85223,-1.62
334908944015248896,0.6022147,5.09317,-1.62
655680775540592896,0.5563044,4.84707,-1.62
697247743908599680,0.5532259,4.82661,-1.62
869510532735103488,0.5808197,4.97842,-1.62
896914447011316096,0.5792875,4.96509,-1.62
1015847146615237632,0.5485433,4.80166,-1.62
1200618220237788672,0.5669019,4.89843,-1.62
1289019642305361536,0.605717,5.10716,-1.62
1298126278643050624,0.602293,5.09175,-1.62
1595827813595793792,0.6596214,5.39423,-1.62
2150632997196029824,0.6026967,5.09359,-1.62
2683995092712700928,0.6131534,5.14594,-1.62
2877838339855596928,0.533916,4.72405,-1.62
3847597940466527872,0.5435665,4.77798,-1.62
3858555535909971456,0.5455045,4.78531,-1.62
4381916194489268864,0.7409011,5.83055,-1.62
4459079134549605504,0.5382757,4.74501,-1.62
4574082690695797248,0.5759317,4.95075,-1.62
322697767876513408,0.5587705,4.86217,-1.61
457418041417162752,0.5713556,4.93418,-1.61
623974261807842176,0.5361135,4.74259,-1.61
644849280334780928,0.6079533,5.12433,-1.61
725340369076105856,0.5550101,4.84201,-1.61
736086995725788800,0.5661369,4.90481,-1.61
849303914197204352,0.5226603,4.67302,-1.61
1055469800468328064,0.5485221,4.81244,-1.61
1154484945718096000,0.6626902,5.42251,-1.61
1216204793995295104,0.5744189,4.95066,-1.61
1251480425546448512,0.5412447,4.77345,-1.61
2132598841839919232,0.5642722,4.89071,-1.61
2686337774034805760,0.6302782,5.24314,-1.61
2846656533688867584,0.5896535,5.03241,-1.61
3694931747383350272,0.5922488,5.04462,-1.61
3941213109235068928,0.6422683,5.30929,-1.61
6338809573512375552,0.5405094,4.76539,-1.61
798822827106143232,0.526146,4.69691,-1.6
1205715968460498304,0.5360673,4.74709,-1.6
1240619037370564352,0.5121468,4.61952,-1.6
1377454393318861824,0.5246466,4.68643,-1.6
3687524818582502528,0.6238498,5.22019,-1.6
3734384286172058624,0.5233527,4.68467,-1.6
3775106520372023296,0.5514899,4.83183,-1.6
3790423743844145792,0.6145425,5.1716,-1.6
3864713552644487040,0.6245131,5.22129,-1.6
3933946162008640512,0.5361971,4.75165,-1.6
4440334213644790272,0.5502256,4.82873,-1.6
4489947305025925888,0.4909593,4.5128,-1.6
5026371849661393664,0.5307849,4.72127,-1.6
82164274856435072,0.6387337,5.30521,-1.59
120217032264781824,0.5388858,4.77504,-1.59
291583512954874752,0.5110424,4.62701,-1.59
389273952854576896,0.5672685,4.9247,-1.59
591289148368251904,0.591496,5.05393,-1.59
609962257422780288,0.5246408,4.69385,-1.59
702851267480897024,0.5501399,4.83117,-1.59
758436493705636608,0.5766229,4.97662,-1.59
785965756604829312,0.5346648,4.752,-1.59
1030354377910053760,0.8345194,6.34989,-1.59
1198085254685725824,0.5971079,5.08606,-1.59
1271940412795643264,0.5906346,5.04553,-1.59
1573148805725281920,0.5574647,4.87285,-1.59
1742447895318231168,0.7554347,5.9254,-1.59
3717235542614816768,0.4670947,4.3878,-1.59
3718101000000329472,0.6039136,5.12273,-1.59
3836422607360889216,0.6052662,5.12682,-1.59
3890569736803245184,0.5946405,5.06741,-1.59
4000955898163772416,0.5441217,4.80144,-1.59
4011171937437930240,0.5330203,4.73889,-1.59
4571984169675126400,0.5257633,4.70071,-1.59
5489803493827620352,0.5549309,4.85789,-1.59
253596451374628736,0.6101217,5.16052,-1.58
330037351589023360,0.5319548,4.74064,-1.58
589531441592231680,0.4670319,4.39256,-1.58
784629025343470720,0.5909124,5.05683,-1.58
916155350741746176,0.5409296,4.79232,-1.58
1228306981040269312,0.538474,4.77709,-1.58
1232323359577658624,0.5527587,4.85148,-1.58
1343733952243573888,0.5567585,4.87849,-1.58
2536241964258088320,0.5890048,5.04835,-1.58
3685591086866863488,0.5264369,4.71623,-1.58
3699777123328421888,0.5841966,5.02502,-1.58
3862529961206961408,0.592363,5.06691,-1.58
3976653457079190144,0.6296075,5.26153,-1.58
4019852517315261312,0.6112213,5.16455,-1.58
4391435392502295296,0.6369036,5.29997,-1.58
6327036861995922560,0.6439386,5.34344,-1.58
6338540742919434240,0.5169106,4.66309,-1.58
6380659528686603008,0.5500725,4.83809,-1.58
1163903534120157952,0.5479531,4.83459,-1.57
1312081074064627072,0.51745,4.67185,-1.57
1454798782864780288,0.5148019,4.6596,-1.57
1532475396711803008,0.5874261,5.0479,-1.57
2449745274287259392,0.6258089,5.25204,-1.57
2848640705500223616,0.5325152,4.75216,-1.57
3134637148905625856,0.5223995,4.69756,-1.57
3462535705561799552,0.6745573,5.51028,-1.57
3733027076506137856,0.5131912,4.64758,-1.57
3798971798210287104,0.5344973,4.7645,-1.57
4440118503209713920,0.5894185,5.05341,-1.57
4860671839583430912,0.6053514,5.13813,-1.57
31958581067424512,0.5699079,4.96075,-1.56
652203466938848896,0.5100248,4.64143,-1.56
796655586610079616,0.5059102,4.62052,-1.56
1031409805993089664,0.6349691,5.30564,-1.56
1298120815444556032,0.5502598,4.85376,-1.56
1355794701446514944,0.6535343,5.40265,-1.56
1451127925851850368,0.5485827,4.84359,-1.56
1454796927433681152,0.5012708,4.5948,-1.56
1465348665648362240,0.5364841,4.78025,-1.56
1730872683578084608,0.4952697,4.55776,-1.56
3094783941205567488,0.5856454,5.0457,-1.56
3742251910343547392,0.5324927,4.75977,-1.56
3797093488752974080,0.7084212,5.69629,-1.56
3812655151698493568,0.6325192,5.29617,-1.56
3840230044329272064,0.5512683,4.85651,-1.56
3842049907872109696,0.4740948,4.44983,-1.56
4454989329251784064,0.4656231,4.39971,-1.56
4487364105534330112,0.6033582,5.13933,-1.56
633961568304132352,0.5193968,4.69973,-1.55
736235906536580096,0.6390386,5.3352,-1.55
770105507532272000,0.5267328,4.7346,-1.55
1385927126843579520,0.4747657,4.45582,-1.55
1465258849292335360,0.5424158,4.81626,-1.55
1466570875902545792,0.5932236,5.08842,-1.55
1468411836325476736,0.6435716,5.35848,-1.55
1497236186481686016,0.4785097,4.47944,-1.55
1766582416066005504,0.5663566,4.948,-1.55
2565582913081431296,0.5478203,4.84684,-1.55
2707719495623353216,0.6464998,5.37866,-1.55
2721452013601794304,0.4850892,4.51253,-1.55
3658612537559412224,0.5754893,4.99708,-1.55
3848641888102314368,0.5727888,4.97855,-1.55
3901893817511119360,0.5456219,4.83371,-1.55
3996201472445819392,0.5047914,4.62097,-1.55
4410452889214567808,0.5197024,4.69513,-1.55
4543335569579657216,0.5916303,5.08414,-1.55
6162709690968204288,0.548038,4.84992,-1.55
615713871466329728,0.5136995,4.67536,-1.54
670801774841145600,0.6253022,5.27031,-1.54
817359012601321472,0.5855903,5.0561,-1.54
872641215999936768,0.6365906,5.33084,-1.54
929863859854122112,0.4921736,4.55591,-1.54
1086643566456030848,0.5585204,4.91501,-1.54
1316250044199813120,0.5334294,4.77629,-1.54
1382594678898590336,0.5125103,4.66417,-1.54
1514076203492909952,0.5323532,4.77173,-1.54
2695376064556832384,0.5869634,5.06147,-1.54
2843633598268125952,0.5433243,4.82839,-1.54
2862470087876282368,0.5444955,4.83906,-1.54
3268882364692574720,0.6222287,5.25267,-1.54
3699778119760745472,0.5870791,5.0675,-1.54
3717352885416905984,0.5645283,4.9439,-1.54
3853699267927898368,0.5508666,4.86956,-1.54
3900489706803042432,0.6129608,5.20271,-1.54
3910514469709362816,0.6424031,5.3572,-1.54
3932541638983377920,0.5715498,4.98407,-1.54
3962690419615745024,0.5408324,4.82162,-1.54
4565391188716600576,0.5119764,4.66283,-1.54
635766627094916096,0.6415611,5.36357,-1.53
652841252402785920,0.6164452,5.23187,-1.53
653078712555619200,0.5891256,5.08198,-1.53
725722724244414848,0.6746992,5.53751,-1.53
768542547458000896,0.5964682,5.11899,-1.53
851103986530614016,0.5417431,4.83076,-1.53
854524292326676352,0.474812,4.47105,-1.53
856816808430505856,0.6273073,5.28665,-1.53
894546927895351680,0.5779763,5.02169,-1.53
1025222441746548864,0.5285319,4.76157,-1.53
1030821945229890048,0.5701958,4.98536,-1.53
1279159050227582208,0.4667258,4.4306,-1.53
1329631341227811072,0.5730003,4.9973,-1.53
1423388072117389184,0.4676198,4.43292,-1.53
1521905722715489280,0.5559538,4.90444,-1.53
1536144054697633024,0.6290242,5.29622,-1.53
1730985830196212096,0.5954322,5.11413,-1.53
2533296888003223168,0.5843902,5.05896,-1.53
3731723090075245696,0.6569212,5.44517,-1.53
3740331849508171520,0.5218145,4.7217,-1.53
3857537731740065280,0.5403555,4.82451,-1.53
3876338555941429376,0.5150736,4.69013,-1.53
3890653299686827520,0.6041205,5.16017,-1.53
4190682024019587456,0.5465054,4.85336,-1.53
4545066299664306176,0.5510238,4.87616,-1.53
4560888138847097472,0.5599463,4.92571,-1.53
938605801929998720,0.6338914,5.32724,-1.52
1027690020716892800,0.6629948,5.48577,-1.52
1223442020045706624,0.5499432,4.87928,-1.52
1241682849230229504,0.6450871,5.38914,-1.52
1244170150690612864,0.5151503,4.69421,-1.52
1288844991755696000,0.5109668,4.6742,-1.52
1378771058493720320,0.5325679,4.78826,-1.52
1610354355063703936,0.5298812,4.77706,-1.52
2731126036594860160,0.6252746,5.28554,-1.52
3915711723734765056,0.5723942,4.99762,-1.52
4228322602001743232,0.585159,5.06735,-1.52
4229920123678447232,0.5780215,5.02945,-1.52
4455195212805698048,0.4948728,4.58482,-1.52
99944339950229504,0.5666841,4.97837,-1.51
872412624956764160,0.5293533,4.77935,-1.51
1020363940381749120,0.5592208,4.93699,-1.51
1424482154906384640,0.602284,5.16832,-1.51
1432486084160819712,0.5719754,5.00542,-1.51
1518851996671918208,0.558619,4.93392,-1.51
1553094503909121664,0.5317219,4.79338,-1.51
1564124735838991744,0.5769049,5.03051,-1.51
1573751750413676928,0.6242535,5.28114,-1.51
1797795627033506560,0.5380183,4.82648,-1.51
2117685409716521856,0.5044398,4.64778,-1.51
2817251778831550208,0.6019851,5.16452,-1.51
2848083321824721024,0.5906452,5.10393,-1.51
3210621167684350464,0.587388,5.08889,-1.51
3853395321682352896,0.7761718,6.09499,-1.51
324331401636539392,0.6367668,5.36179,-1.5
640877363299078656,0.6074613,5.19981,-1.5
695655337537044864,0.5472067,4.8803,-1.5
842272228100898176,0.6106501,5.21949,-1.5
844866903743018496,0.5894372,5.10298,-1.5
876137839070904448,0.6112073,5.22258,-1.5
952231465416185728,0.6163494,5.24974,-1.5
1278757247447769728,0.6373107,5.35911,-1.5
1381834504046491776,0.6089798,5.20966,-1.5
1474874280339861376,0.5393231,4.8388,-1.5
2511088745986990720,0.4997944,4.62372,-1.5
2740035546817737472,0.5790329,5.04737,-1.5
2752809711564656128,0.454765,4.38344,-1.5
3094697938780564224,0.5959466,5.14078,-1.5
3566306582197898368,0.5995325,5.15633,-1.5
3866638797504519936,0.5340845,4.80997,-1.5
3929178366057992832,0.5021367,4.64259,-1.5
4565070577998452096,0.4928494,4.58717,-1.5
4854226777298797952,0.5316528,4.79558,-1.5
33611765519194240,0.4862298,4.55968,-1.49
365923486973846400,0.5961834,5.15168,-1.49
597009220173264640,0.4871099,4.56503,-1.49
667538871006722432,0.5147228,4.71122,-1.49
780665762666043136,0.4998264,4.63318,-1.49
947237895920199936,0.5761448,5.04502,-1.49
968903218494455040,0.5281974,4.78783,-1.49
1010009564505579008,0.5172733,4.72756,-1.49
1158313617004508672,0.5870017,5.09698,-1.49
1294867566696230912,0.5640901,4.97852,-1.49
1307577027760741888,0.5623838,4.97165,-1.49
1387552376827783680,0.5563876,4.93642,-1.49
1454881314953875840,0.5133346,4.70416,-1.49
1563232344714269568,0.5053822,4.66108,-1.49
1579190896998225920,0.513243,4.70255,-1.49
3291223474601134592,0.7075592,5.7458,-1.49
3674468942636255232,0.7582843,6.01226,-1.49
3745282061310827264,0.5637579,4.97359,-1.49
3919388868575459712,0.6821433,5.60999,-1.49
3938269613528220672,0.5466897,4.88152,-1.49
4445885957088116608,0.7876034,6.16837,-1.49
40148533946799488,0.618229,5.27678,-1.48
586254622063844736,0.6028541,5.19344,-1.48
756022103610236928,0.573498,5.03181,-1.48
821807155611175936,0.5161333,4.72907,-1.48
932826322136581632,0.5329301,4.81795,-1.48
1211447997454774912,0.6086242,5.22209,-1.48
1223679342759114752,0.76901,6.07865,-1.48
1245126279130059136,0.5871348,5.11041,-1.48
1303492513862128640,0.736671,5.90835,-1.48
1543912168771411584,0.563651,4.98096,-1.48
1622631982935222272,0.563738,4.98096,-1.48
1771060555127569792,0.5962469,5.15512,-1.48
2073795929206140416,0.6206936,5.28415,-1.48
2687145910785280896,0.6164245,5.26707,-1.48
3230020091849962368,0.5390807,4.85096,-1.48
3644016078319629056,0.5580864,4.94906,-1.48
3711531658542490496,0.5077627,4.68354,-1.48
3846784366285962368,0.5566059,4.94606,-1.48
4449145837265847040,0.5859551,5.10326,-1.48
5398731873409720448,0.6910416,5.66321,-1.48
400855074469810560,0.5518859,4.92621,-1.47
843563432708710272,0.4862205,4.57688,-1.47
861269177687846784,0.5079697,4.68955,-1.47
874163872102130176,0.4674145,4.47512,-1.47
1011184182225504384,0.5493597,4.91633,-1.47
1420324970160999936,0.6407824,5.40216,-1.47
1467140079328486144,0.5957804,5.15919,-1.47
1516605801791003392,0.6663953,5.53675,-1.47
1787316761529491584,0.5440182,4.88183,-1.47
2732202424118745600,0.6089912,5.23417,-1.47
2976126948438805760,0.5699204,5.02489,-1.47
3082105850584370432,0.4697938,4.48809,-1.47
3825415980571248128,0.590177,5.12923,-1.47
4016842157557617408,0.5434223,4.88117,-1.47
4246716709981352704,0.5237927,4.773,-1.47
6106742075215419008,0.5920559,5.14285,-1.47
15891245851805568,0.5738989,5.04774,-1.46
603291108060958848,0.5634503,4.99745,-1.46
729805691955044352,0.6265623,5.33371,-1.46
772411595732822144,0.666866,5.54646,-1.46
1352936692768925184,0.6067322,5.22559,-1.46
1406194871355128064,0.612337,5.25422,-1.46
1538170179748902656,0.5225237,4.77962,-1.46
1543337472086128896,0.5625275,4.9927,-1.46
2730911593172003200,0.5164261,4.74328,-1.46
2802569587748136576,0.5250733,4.78903,-1.46
2804643232318513024,0.585738,5.11549,-1.46
2877686469812402432,0.5837982,5.104,-1.46
3072686300107080832,0.5086523,4.705,-1.46
3499611306368945536,0.4785394,4.53934,-1.46
3798892113681379840,0.4998094,4.65559,-1.46
3862169252673480192,0.56791,5.0184,-1.46
3864943938985725184,0.5885693,5.12878,-1.46
5773390391856998656,0.5872626,5.12103,-1.46
34113623857898880,0.6424172,5.42049,-1.45
667491145330414976,0.4971377,4.65013,-1.45
725396684687000960,0.5952427,5.17063,-1.45
776930210565393792,0.5887142,5.13508,-1.45
971714089906252288,0.5303081,4.82411,-1.45
1032302781233016960,0.6005324,5.2009,-1.45
1186178437107879040,0.5578715,4.97151,-1.45
1201630664288062592,0.5275263,4.81319,-1.45
1327485747365011328,0.5495927,4.92718,-1.45
1339570548385963264,0.5137725,4.73841,-1.45
1391438531957057152,0.5272636,4.80828,-1.45
1406199917940642944,0.4934958,4.62617,-1.45
1605550863640066304,0.5548204,4.95832,-1.45
2130324914355524992,0.5270222,4.80604,-1.45
2551464805823863680,0.5633011,4.99996,-1.45
2645480948442878464,0.4982934,4.65613,-1.45
2840862657166708864,0.5630923,4.99841,-1.45
3080583576737029504,0.5543793,4.95557,-1.45
3682246436922936576,0.5893827,5.13803,-1.45
3897568922883134208,0.5553195,4.96184,-1.45
3969581471303791872,0.5922429,5.15578,-1.45
4446298136512041728,0.7512688,6.00475,-1.45
4578222936094724736,0.5112008,4.7248,-1.45
4599397945195522816,0.5143281,4.73697,-1.45
93572910585285120,0.5697446,5.04563,-1.44
674288223133915648,0.5853095,5.12579,-1.44
767825154776452992,0.6005554,5.20677,-1.44
1257428955251308032,0.5534032,4.95279,-1.44
1262992827685723008,0.5734209,5.06258,-1.44
1317669994747654912,0.5324302,4.84516,-1.44
1405750599938094592,0.5496463,4.93662,-1.44
1454783149183752576,0.5236904,4.79944,-1.44
1481133009762718720,0.5135615,4.74146,-1.44
1533055492174591744,0.6172792,5.29754,-1.44
1554494044772634368,0.6248192,5.33621,-1.44
1632771644807986176,0.5323715,4.84035,-1.44
1798787283443871616,0.5529535,4.95349,-1.44
2686108525860425216,0.6010991,5.21367,-1.44
2729697530471979904,0.5231717,4.79457,-1.44
3069398073145364480,0.5623137,4.99969,-1.44
3632487217866030336,0.7232561,5.86188,-1.44
3656617855963479936,0.5268903,4.81515,-1.44
3719849910683430528,0.6111523,5.26354,-1.44
3883308772466617472,0.622455,5.32177,-1.44
3968410010383892864,0.625311,5.34129,-1.44
4406467881120015872,0.5609852,4.99611,-1.44
5721192383002003200,0.5171896,4.76359,-1.44
6331983049413006976,0.532741,4.8435,-1.44
136762586318515200,0.6219031,5.32908,-1.43
580978684237551104,0.5966778,5.19719,-1.43
620061340442394752,0.6754139,5.61587,-1.43
659321567778144640,0.5890857,5.15493,-1.43
667841752100734720,0.5262147,4.81462,-1.43
808560754916860800,0.5335389,4.85368,-1.43
885810826975675136,0.5477563,4.93483,-1.43
983036654490016512,0.8567814,6.58162,-1.43
1182003110420922240,0.5499779,4.94119,-1.43
1236969895716596096,0.593672,5.17474,-1.43
1258216858411759232,0.6621072,5.54639,-1.43
1428164866024436992,0.5838914,5.12743,-1.43
1454777892144186624,0.5245439,4.80702,-1.43
2414817603803476864,0.606063,5.24597,-1.43
3724504658799634816,0.5543787,4.9704,-1.43
3987851059590238080,0.4846608,4.59828,-1.43
4029123187043903232,0.623819,5.33994,-1.43
4249794449186174976,0.508901,4.72614,-1.43
313660125892768768,0.6704793,5.59257,-1.42
334520026136513536,0.4967615,4.66571,-1.42
1269016330339587456,0.5529746,4.96471,-1.42
1490022118892816128,0.495063,4.65487,-1.42
1493199741856740096,0.5195361,4.79151,-1.42
1517315124230980224,0.6478119,5.4714,-1.42
1601294241811866240,0.5843467,5.13269,-1.42
1766981882384023552,0.6271413,5.36558,-1.42
1777803821285257472,0.488395,4.62099,-1.42
1916913349533831296,0.5525353,4.96475,-1.42
2761681636529462144,0.4937822,4.65193,-1.42
3835399717949899008,0.5016704,4.69318,-1.42
3868290195250135808,0.5898012,5.16324,-1.42
3893984446257120640,0.576151,5.09435,-1.42
4369972169615101824,0.5405915,4.8994,-1.42
4465782066669535232,0.5392516,4.89127,-1.42
4574245727654504704,0.5138522,4.76117,-1.42
5182030638517756416,0.4926562,4.64621,-1.42
625636272417264768,0.5822997,5.13265,-1.41
721399204006041984,0.5000402,4.69251,-1.41
755036765098123648,0.4875717,4.62356,-1.41
833209915825908992,0.5580991,5.00174,-1.41
949542334852259072,0.4915068,4.64593,-1.41
1173845833654557696,0.5436377,4.92353,-1.41
1356600128073561088,0.6688297,5.59501,-1.41
1531435911547268224,0.5246281,4.82348,-1.41
2721431367694742656,0.4766425,4.56408,-1.41
3389719654659451392,0.5002921,4.69313,-1.41
3604450388616968576,0.6150825,5.305,-1.41
3656320197549758592,0.5995299,5.21992,-1.41
3715878131086435328,0.6112375,5.28554,-1.41
3743207454668035072,0.588856,5.16726,-1.41
3833015598783664512,0.561371,5.02058,-1.41
3859493415032982400,0.5159148,4.77385,-1.41
4010205608452016768,0.5344786,4.87853,-1.41
4421376120621796992,0.526786,4.83376,-1.41
4422506491589603200,0.581476,5.12614,-1.41
4457558441248856192,0.5713162,5.07466,-1.41
702294777158642688,0.5217414,4.81547,-1.4
1155456089363098240,0.5835088,5.14484,-1.4
1267531955282498688,0.5617642,5.03105,-1.4
1268461626723510784,0.5789244,5.12258,-1.4
1286675414798601984,0.5588778,5.01464,-1.4
1500489435229902848,0.5450739,4.93656,-1.4
1532419076805906816,0.5274895,4.84384,-1.4
1581128854960930560,0.5802515,5.12383,-1.4
1664425210180972928,0.5035675,4.72015,-1.4
3673525286781841792,0.5301317,4.86043,-1.4
3740895765829605888,0.5581269,5.00914,-1.4
4593112037219674368,0.5771178,5.11194,-1.4
5181800187752449664,0.5422817,4.9265,-1.4
6787617919184986496,0.5869109,5.16431,-1.4
385100374216418176,0.4941481,4.67391,-1.39
582364034528745728,0.5653977,5.05207,-1.39
655466508212182144,0.6139596,5.3115,-1.39
686327256981818752,0.5974365,5.22844,-1.39
696661017016324736,0.5358184,4.8941,-1.39
725344281791048704,0.511146,4.76236,-1.39
878974785229882880,0.5953917,5.21191,-1.39
901916026622863872,0.5721426,5.09032,-1.39
1256186300953476608,0.5784873,5.12178,-1.39
1331360254542953088,0.5675932,5.06899,-1.39
1334980602736047872,0.5768695,5.11756,-1.39
1427478770768564864,0.5820409,5.14465,-1.39
1489614955993536000,0.5322688,4.87719,-1.39
1513026101169244160,0.5865493,5.16788,-1.39
1875977088521447424,0.4758323,4.57908,-1.39
2104473677999021312,0.5616979,5.03846,-1.39
2111008487918355712,0.6241448,5.36503,-1.39
2549930712225323520,0.5426338,4.93371,-1.39
2661726168319303936,0.6295654,5.39447,-1.39
2721814611921458560,0.5305152,4.87115,-1.39
2732532930441921152,0.5256603,4.8415,-1.39
2860918848769135104,0.4906255,4.65587,-1.39
3165451099710226304,0.6003618,5.2435,-1.39
3892442587358118144,0.4771832,4.58322,-1.39
3935391779281053696,0.5730081,5.09824,-1.39
3952144041521090048,0.5424834,4.93188,-1.39
3987527352199426944,0.5831491,5.15154,-1.39
4006439467593238144,0.6660074,5.59486,-1.39
5412243359495900928,0.5735097,5.1005,-1.39
364465362757049600,0.5648229,5.05676,-1.38
703823922954837888,0.602983,5.26244,-1.38
754790341349481984,0.4932957,4.67973,-1.38
812833491461519488,0.5787761,5.13077,-1.38
841806413126727424,0.6078694,5.28708,-1.38
1156402871953811968,0.5302425,4.87317,-1.38
1220686987506660608,0.6089178,5.29635,-1.38
1289219787784602240,0.4953264,4.68732,-1.38
1368903285232020736,0.4823275,4.61549,-1.38
1467130218083616512,0.5518834,4.99138,-1.38
1503869299613843200,0.6260317,5.38585,-1.38
2470566794701936128,0.483107,4.62228,-1.38
2554575083700694656,0.5210952,4.82474,-1.38
2570431243963878016,0.4695967,4.54914,-1.38
2620151434649871232,0.6044748,5.26757,-1.38
3686046284680810752,0.572267,5.09539,-1.38
3919205971688248192,0.5705659,5.08712,-1.38
3936916973707946752,0.5651885,5.06116,-1.38
4564664823847668992,0.5494242,4.97391,-1.38
4650753556351652864,0.5588341,5.0264,-1.38
291053273472334848,0.6516067,5.52832,-1.37
741612041655687296,0.5751751,5.11981,-1.37
855031751302381056,0.5242508,4.84944,-1.37
1193531627277558272,0.4873401,4.65304,-1.37
1570539733352225792,0.5532008,5.00161,-1.37
1877171707905220864,0.5035581,4.73958,-1.37
1925406252226143104,0.6169011,5.34178,-1.37
2729023461124843648,0.8387756,6.53066,-1.37
3079814330909986560,0.5615033,5.04815,-1.37
3380711596410988160,0.5942718,5.22256,-1.37
3651131121142341376,0.5267321,4.8616,-1.37
3688873537096974464,0.588609,5.19007,-1.37
3746457233082465536,0.5967875,5.23825,-1.37
3895898245028670464,0.5635422,5.05772,-1.37
3922374592400561664,0.5521256,4.99892,-1.37
3965486615124093312,0.5239491,4.84568,-1.37
4550557402469209344,0.5490228,4.98412,-1.37
725405446420276992,0.5844705,5.18048,-1.36
933035259409949440,0.4707967,4.56963,-1.36
1228706855380460288,0.5934031,5.22374,-1.36
1234009254500316928,0.5237668,4.85705,-1.36
1288239126489900928,0.5823669,5.16812,-1.36
1375468537881170560,0.5295486,4.88785,-1.36
1383259883433503872,0.5756002,5.12836,-1.36
1465883234457827968,0.5134486,4.80098,-1.36
1582948993381586560,0.5962572,5.23733,-1.36
1628747982005703296,0.531856,4.89421,-1.36
2127837544175283072,0.5657716,5.07681,-1.36
2514620480414583808,0.465636,4.54061,-1.36
3162410365946108288,0.6019395,5.27185,-1.36
3346560524735028096,0.5555952,5.02166,-1.36
4434428908488644352,0.6499265,5.52572,-1.36
5017575447402248448,0.5335815,4.90793,-1.36
599099323058438016,0.552523,5.01729,-1.35
617671689358430976,0.5710587,5.11601,-1.35
649257944006486016,0.5461983,4.98013,-1.35
706120081189906816,0.5823273,5.17487,-1.35
814436815636834944,0.5621129,5.06713,-1.35
877560710196570752,0.6296392,5.42464,-1.35
888212366529900416,0.5145639,4.81433,-1.35
1028585263700091648,0.4651886,4.54571,-1.35
1275950434784981632,0.5655615,5.08093,-1.35
1392686889971114368,0.521501,4.85022,-1.35
1476301553808173824,0.6297314,5.42972,-1.35
1552437099034888704,0.4890103,4.67453,-1.35
1590385677714932224,0.527529,4.87933,-1.35
1790422332121191168,0.490722,4.68423,-1.35
2515376360298946048,0.6192616,5.37242,-1.35
2536827282401261568,0.5270169,4.87759,-1.35
3229907112734747904,0.4930557,4.69447,-1.35
3637904408576760576,0.46687,4.55882,-1.35
3834057042453573632,0.5433371,4.96756,-1.35
3994930643162883840,0.4663581,4.55505,-1.35
5763401599296742016,0.5941942,5.2372,-1.35
99384413653590400,0.5799291,5.1643,-1.34
580485518912334464,0.5769314,5.14999,-1.34
798129516305107968,0.4934866,4.70372,-1.34
851446175164687744,0.6006303,5.27766,-1.34
874087932784253568,0.5587331,5.05415,-1.34
1051463214456622464,0.5915488,5.23078,-1.34
1187372365001775744,0.5990852,5.26787,-1.34
1232668778027306880,0.5702532,5.11903,-1.34
1277992124794074240,0.5486375,4.99876,-1.34
1448196627852164736,0.5664352,5.0941,-1.34
1465718479512218240,0.5413785,4.96167,-1.34
2048461257153208064,0.6344374,5.45703,-1.34
2706466666547909376,0.6986583,5.8029,-1.34
2731562439631794048,0.5595736,5.06059,-1.34
2848361463906789632,0.5561484,5.03849,-1.34
3809129086627438336,0.5911161,5.22581,-1.34
4018695968521795200,0.6167329,5.36307,-1.34
4357743779246715520,0.514996,4.8184,-1.34
4428578372755315200,0.583452,5.1868,-1.34
5518526895074787328,0.55989,5.06131,-1.34
338873714225489280,0.5540055,5.03436,-1.33
578526532789233152,0.4804687,4.64587,-1.33
803938820349448576,0.5545331,5.03999,-1.33
919138811120012032,0.4860633,4.67236,-1.33
932425515788409472,0.6242793,5.41363,-1.33
1015351954065302016,0.5014505,4.75655,-1.33
1165903923728610304,0.5887942,5.22302,-1.33
1197500245782607488,0.5736109,5.13752,-1.33
1257263513111088896,0.6282435,5.4323,-1.33
1383517684550224384,0.4722369,4.6026,-1.33
1493766849338561152,0.5320997,4.91856,-1.33
1657603221567561344,0.5196389,4.85439,-1.33
2507300065140347648,0.5134151,4.82228,-1.33
2545482294337969408,0.6318798,5.45272,-1.33
2716342381204489472,0.6968106,5.79792,-1.33
3697444371970657792,0.475731,4.61786,-1.33
3713828229095266944,0.590906,5.2359,-1.33
3714258378659874688,0.6649481,5.62979,-1.33
3796661032789738240,0.5244009,4.87734,-1.33
3956737216986200448,0.5416393,4.97068,-1.33
4375193441097577600,0.5537385,5.03787,-1.33
4571184790362240384,0.4782549,4.63459,-1.33
685828387940782592,0.5027191,4.77149,-1.32
723733978292583552,0.5195185,4.85756,-1.32
742472577007723264,0.606152,5.32299,-1.32
759181825150391168,0.583082,5.19812,-1.32
810261733763836032,0.511541,4.81753,-1.32
973701697691443840,0.5397657,4.96868,-1.32
1112081420800815744,0.4722073,4.60487,-1.32
1153395398414295936,0.6034227,5.30389,-1.32
1380689946802352256,0.5665196,5.11265,-1.32
1562774947877757312,0.5246131,4.88786,-1.32
2105004192359662336,0.4737148,4.61126,-1.32
2766950908567625728,0.6263233,5.4314,-1.32
3135957559291430144,0.5934169,5.25326,-1.32
3583739339056745472,0.5062991,4.78898,-1.32
3646214517459761408,0.543006,4.98712,-1.32
3698094904897487488,0.5659516,5.10692,-1.32
3901756893953872000,0.485794,4.68125,-1.32
3916576352191282560,0.6482116,5.54792,-1.32
4354810213504136064,0.5625037,5.09125,-1.32
4356503461416048896,0.6071753,5.32362,-1.32
6899497625357201152,0.5567977,5.06142,-1.32
682968523837145856,0.4575909,4.53857,-1.31
805774832971817856,0.4671254,4.58788,-1.31
1212145122185127040,0.5084522,4.80911,-1.31
1221957816788971136,0.5321939,4.9308,-1.31
1261627715280176256,0.4745221,4.62913,-1.31
1341921888361473536,0.539093,4.96947,-1.31
1475412392498476928,0.5376536,4.963,-1.31
1523981909906335744,0.4796094,4.64987,-1.31
1601433845428847360,0.6510243,5.5687,-1.31
1666027610939665536,0.5018712,4.77196,-1.31
2426546197415834496,0.5236037,4.88721,-1.31
2784222380812820992,0.5256898,4.902,-1.31
3079170773010478208,0.5059386,4.79024,-1.31
3266871942040897664,0.5704143,5.13961,-1.31
3848564853568447360,0.5340239,4.94271,-1.31
4544683192877427328,0.52595,4.89955,-1.31
6529664829085975808,0.5948778,5.26997,-1.31
19606736160298112,0.5465583,5.01736,-1.3
667520041870220928,0.4965595,4.74845,-1.3
728183083375384320,0.4984608,4.75927,-1.3
1031936987458571136,0.5893698,5.2436,-1.3
1189332248773963136,0.5881252,5.24008,-1.3
1200715110403331328,0.5815601,5.20424,-1.3
1250668539288365440,0.4727496,4.62646,-1.3
1392808420365813888,0.5057616,4.80178,-1.3
1404633908440952320,0.5718019,5.15211,-1.3
1448549399286282880,0.5735559,5.15836,-1.3
1476410508539080192,0.6079951,5.34552,-1.3
1556130805269023616,0.5453564,5.01287,-1.3
2827206172994041600,0.5275708,4.91774,-1.3
3458411334367329280,0.4851918,4.68822,-1.3
3460867849501581824,0.5871478,5.23705,-1.3
3801694189000785152,0.5541417,5.0599,-1.3
3827707087925345280,0.5048189,4.79549,-1.3
3917424110015815168,0.5090045,4.81474,-1.3
4490995861160554752,0.5373106,4.97058,-1.3
4549378313688067712,0.5543312,5.06135,-1.3
619162519751422336,0.5755763,5.18206,-1.29
1038663593438969856,0.511442,4.83917,-1.29
1288581796160236288,0.6300974,5.47327,-1.29
1372308610182026496,0.4887276,4.71412,-1.29
1381110853597060224,0.4889126,4.71683,-1.29
2780868251873599104,0.5331459,4.95326,-1.29
3071861043616052096,0.4831023,4.68325,-1.29
3652010691788970368,0.4781122,4.66193,-1.29
3895011493197247872,0.5784438,5.19664,-1.29
4001852412457254528,0.5467542,5.02777,-1.29
4425893262283627264,0.476762,4.64859,-1.29
4434565316650180096,0.4648285,4.58646,-1.29
4452806111475874048,0.5710675,5.15586,-1.29
302678959668782464,0.531517,4.95214,-1.28
372893634780423936,0.6003889,5.32049,-1.28
854705196349564672,0.6364713,5.51335,-1.28
1013015320057610752,0.5596454,5.09911,-1.28
1024983504126028800,0.4958361,4.76018,-1.28
1231809612769538304,0.6300388,5.47897,-1.28
1280132014939378176,0.5228211,4.90354,-1.28
1378254769064642176,0.6063301,5.35408,-1.28
1399666452345333504,0.5779605,5.20155,-1.28
1767785006908714752,0.4488595,4.51072,-1.28
2663260433716611584,0.5362667,4.97876,-1.28
3645161631996674432,0.5543523,5.07594,-1.28
3738069093233344640,0.4937395,4.74979,-1.28
3906179919995090432,0.5362457,4.97305,-1.28
4032078536860546304,0.5175357,4.87571,-1.28
4439381899134464768,0.5064222,4.81676,-1.28
224381087391704448,0.6176953,5.42012,-1.27
364780987018911488,0.4870748,4.72011,-1.27
738759083859193600,0.5573202,5.09276,-1.27
781687797378913280,0.5250262,4.92461,-1.27
1321141977590168448,0.6305435,5.48845,-1.27
1345974550782439040,0.5167301,4.8798,-1.27
2494505086983082624,0.5001886,4.78956,-1.27
2725407648417213696,0.4669625,4.61694,-1.27
2836319230306694272,0.5166186,4.87695,-1.27
3562990042811795712,0.5732981,5.17885,-1.27
3945610468551775616,0.5982723,5.31519,-1.27
100236118552751488,0.4716042,4.64774,-1.26
218513612308131712,0.6041025,5.35041,-1.26
246756973652292992,0.4893055,4.73908,-1.26
305449935129519872,0.5105091,4.85179,-1.26
598640581895695744,0.4903277,4.7467,-1.26
680377898347913984,0.5586153,5.11224,-1.26
975908314449180672,0.6193811,5.43505,-1.26
1389433469424654848,0.5561864,5.09787,-1.26
1508788338541376512,0.6389379,5.53783,-1.26
1786827307055763968,0.5472394,5.05221,-1.26
2117671390944332032,0.5890667,5.27431,-1.26
2689942827848501888,0.5122123,4.86295,-1.26
2725936547870270464,0.5469624,5.04655,-1.26
2777915856993790976,0.5653538,5.14827,-1.26
3097862539404222336,0.5195085,4.89857,-1.26
3223838877996707072,0.4733781,4.65537,-1.26
3939750415172966016,0.6009198,5.33427,-1.26
4391165153160559360,0.5189828,4.89717,-1.26
4560738880145595008,0.5214782,4.90922,-1.26
163520404373718528,0.5400148,5.01966,-1.25
435993198353915264,0.6020948,5.34578,-1.25
605325376369535488,0.5602977,5.12638,-1.25
660329819939258240,0.4858385,4.73038,-1.25
1278880014793048576,0.5281461,4.95644,-1.25
1442177385806227712,0.5543262,5.09304,-1.25
2153479357923467136,0.5288832,4.9617,-1.25
2659818378206255872,0.5880984,5.2771,-1.25
3894152877694572800,0.491028,4.75331,-1.25
4026678869616430976,0.6103121,5.38997,-1.25
4452550165785651200,0.6829627,5.77856,-1.25
4461917764336487296,0.5370408,5.00146,-1.25
5058670209887423616,0.4964436,4.78675,-1.25
6340906960661878784,0.5538878,5.09411,-1.25
56418248020888576,0.4636651,4.61457,-1.24
166891403944921344,0.5712205,5.1935,-1.24
635304797851431424,0.5559859,5.11028,-1.24
669367839880113920,0.5167567,4.90324,-1.24
701046212985161856,0.6078756,5.38688,-1.24
841002807565897088,0.5930025,5.30756,-1.24
870574237219245824,0.4801639,4.70399,-1.24
1193183528770580224,0.5025856,4.82507,-1.24
1418837846324865664,0.477029,4.68496,-1.24
1505063712839463168,0.6886633,5.81823,-1.24
1594510426867418880,0.5577705,5.11942,-1.24
1661876095551213440,0.5716488,5.19083,-1.24
1688286089972815232,0.5083869,4.8576,-1.24
2850575158770188672,0.770413,6.25391,-1.24
3308112870853841408,0.5703714,5.18798,-1.24
3599798015617968896,0.5233828,4.93245,-1.24
3722598380514921344,0.4713801,4.65576,-1.24
3724942917262557056,0.63965,5.55497,-1.24
3857625241698289920,0.6062522,5.38075,-1.24
3867406638873432704,0.5269133,4.95534,-1.24
3904579855698311808,0.5794358,5.23164,-1.24
4471882393403103232,0.6572916,5.64876,-1.24
610579392683347968,0.5431499,5.05002,-1.23
620155005089251072,0.6141399,5.42808,-1.23
667384110449409024,0.4546807,4.5795,-1.23
911929107217841024,0.5789636,5.23909,-1.23
1382923394219597824,0.6113396,5.41292,-1.23
2981136563934324224,0.5872504,5.28723,-1.23
3393783106037344128,0.6127732,5.42051,-1.23
3702715465073616640,0.6673318,5.70824,-1.23
4426629350958512128,0.4735499,4.67543,-1.23
4477807180531896960,0.6145622,5.43104,-1.23
4558580298300042240,0.5189634,4.92076,-1.23
699138629030122880,0.5023231,4.83911,-1.22
723526518487584768,0.4690775,4.6599,-1.22
804188959250536960,0.718074,5.99248,-1.22
1287947790267071488,0.5643332,5.16638,-1.22
1356816216468456576,0.5324631,4.99682,-1.22
3091497226072560384,0.5555154,5.11991,-1.22
3135576922111239680,0.536643,5.01892,-1.22
3195906094331031936,0.4731811,4.68416,-1.22
3339548045731012096,0.5872279,5.28759,-1.22
3877887905263696384,0.4722583,4.67841,-1.22
4004791853715630208,0.6324902,5.53447,-1.22
4006482868238784512,0.5619348,5.15814,-1.22
4386510954799061376,0.5568736,5.12724,-1.22
4499105274811605120,0.5692039,5.19202,-1.22
5300859361264345600,0.5410774,5.0459,-1.22
5384505910934827392,0.6045008,5.38204,-1.22
598452535342949760,0.5261872,4.97066,-1.21
828495278684213888,0.5909719,5.31635,-1.21
1203269005333170688,0.4471917,4.5524,-1.21
1227381948163924224,0.6226433,5.48691,-1.21
1261882836337495680,0.6526897,5.64912,-1.21
1514197596448455680,0.5746414,5.23203,-1.21
2102990574253407744,0.456506,4.59972,-1.21
2130965517317557760,0.4802845,4.72947,-1.21
2559053875596774784,0.6466693,5.61704,-1.21
2853997113834428928,0.4509677,4.56943,-1.21
3079121123188535168,0.4694226,4.66716,-1.21
3376253420360404992,0.5608019,5.15601,-1.21
3658213281694833152,0.443981,4.53112,-1.21
3689286889045335424,0.4695911,4.66853,-1.21
4405319819179316864,0.5383286,5.03788,-1.21
4405506839239931648,0.5984612,5.35832,-1.21
339226069047188992,0.5303729,5.00263,-1.2
677849708798288640,0.4856371,4.76403,-1.2
780156482623646080,0.6356829,5.56406,-1.2
831149362321128704,0.5084305,4.88414,-1.2
831981142861136512,0.5193832,4.93922,-1.2
1316307493682550272,0.5269936,4.98294,-1.2
1397737561056686080,0.5281755,4.99186,-1.2
2049701093950174848,0.5633618,5.17658,-1.2
2716068156132632448,0.5458623,5.08681,-1.2
2843818522379901696,0.4961925,4.81635,-1.2
3664762724568601600,0.6405874,5.59223,-1.2
3667431518462639360,0.5641882,5.18077,-1.2
3891787828184023168,0.4627804,4.64176,-1.2
3966923023986635264,0.5086261,4.88331,-1.2
4376822951691897344,0.6282191,5.52041,-1.2
4417922490174733696,0.4677528,4.66821,-1.2
5768557209320424320,0.5425731,5.06397,-1.2
6185171618307957760,0.6270283,5.52027,-1.2
6625215584995450624,0.5467569,5.08885,-1.2
291192842729858176,0.5256737,4.9813,-1.19
975524000775859328,0.5435046,5.07657,-1.19
1165706939348752512,0.5546688,5.13818,-1.19
1593176959781266688,0.4639599,4.6516,-1.19
2643929228298954752,0.5159827,4.9344,-1.19
2677321675607428352,0.5833566,5.29254,-1.19
3589673334592264064,0.4888521,4.78636,-1.19
4387019478928545664,0.607388,5.41654,-1.19
4456434293688263296,0.526055,4.98809,-1.19
4550192192810041728,0.5369588,5.04347,-1.19
247902011931116544,0.5306175,5.01559,-1.18
303241359867267584,0.4567886,4.6245,-1.18
1335006853576155520,0.5786081,5.27083,-1.18
1379989626614361088,0.6083925,5.4333,-1.18
1458709470844031232,0.5592146,5.17003,-1.18
1729928306168699520,0.4952058,4.82965,-1.18
2095881922341513856,0.5702024,5.22532,-1.18
2688440280785515392,0.4806694,4.75291,-1.18
3599980289734421504,0.5707907,5.23323,-1.18
3981758871818873600,0.5143571,4.93111,-1.18
4014619804039885440,0.4683135,4.68371,-1.18
4405163100115908736,0.5409591,5.07291,-1.18
6228527109841896576,0.6171011,5.48079,-1.18
379114396692108928,0.6346319,5.58249,-1.17
1314730656569078144,0.6146242,5.47118,-1.17
2512732614654191616,0.4962957,4.84079,-1.17
3379937093550342528,0.5236625,4.98842,-1.17
3479598373678136832,0.5679779,5.22139,-1.17
3679101219484067840,0.4747801,4.72444,-1.17
3877563064001958912,0.6113258,5.45223,-1.17
3879467422436889600,0.4628776,4.66051,-1.17
687176865936311040,0.495734,4.84284,-1.16
977925845270156160,0.4684313,4.70055,-1.16
1240495926427931648,0.618745,5.49831,-1.16
1274654144933196160,0.4936916,4.83171,-1.16
1424864540139020800,0.571597,5.24948,-1.16
1510510418565672448,0.4974171,4.85061,-1.16
1738832013891215616,0.5043308,4.89201,-1.16
3845183133759274624,0.5575448,5.17391,-1.16
3919273797811740672,0.5892814,5.34532,-1.16
3998362626974824576,0.5041093,4.89136,-1.16
3998854937600903680,0.5894692,5.3441,-1.16
4003889532625084288,0.4621511,4.66539,-1.16
4022618712476736896,0.5576461,5.17595,-1.16
5806921716937210496,0.5825586,5.30806,-1.16
948304009882117504,0.5367996,5.07198,-1.15
1200009193875719296,0.4760721,4.74779,-1.15
1204623912896198656,0.4719763,4.72694,-1.15
1340740360037954944,0.5281373,5.02143,-1.15
1683444631038133248,0.5696623,5.24923,-1.15
1752256535472821504,0.4765913,4.74995,-1.15
3657592534366424960,0.5698677,5.24947,-1.15
3874351016875298176,0.469574,4.71037,-1.15
4536731559150086656,0.5778198,5.28723,-1.15
81849505293213440,0.6044532,5.43998,-1.14
1009665142487836032,0.5974191,5.4035,-1.14
1082560426946891776,0.5715749,5.26173,-1.14
1229973600149795456,0.5362172,5.07209,-1.14
1373009239607944832,0.8606082,6.80663,-1.14
1769487394506137856,0.5600921,5.20225,-1.14
3401351731766881536,0.6344881,5.60221,-1.14
3697543396736371456,0.5041862,4.90228,-1.14
3940418398550912512,0.5989242,5.41213,-1.14
4438898560694250496,0.5831928,5.32201,-1.14
752203224849281152,0.6143803,5.50093,-1.13
1312842692024955904,0.5281227,5.04152,-1.13
1572446904990201728,0.4538522,4.64355,-1.13
1688279046226445312,0.5157553,4.97155,-1.13
3231546042191257728,0.610024,5.47692,-1.13
3746641951035868544,0.5341206,5.07303,-1.13
4375522225138690560,0.598214,5.41595,-1.13
4467433017738606080,0.4553614,4.6474,-1.13
5176548537965653120,0.510607,4.9465,-1.13
786947586134743936,0.4728752,4.74901,-1.12
1452525817447591936,0.5762371,5.30284,-1.12
1489387906842053760,0.4848924,4.81794,-1.12
2638915012894951936,0.4694051,4.73096,-1.12
3400710407250345600,0.4547178,4.65376,-1.12
3449832566691979904,0.5535765,5.18067,-1.12
3830552761456831232,0.4815995,4.79926,-1.12
4002458140284659072,0.4878189,4.8335,-1.12
4574358633754809984,0.468467,4.72779,-1.12
5658175901276326912,0.4837271,4.80997,-1.12
912445121769803136,0.5542253,5.19502,-1.11
913462582341271040,0.6315991,5.6041,-1.11
1046417830474160768,0.6122141,5.50263,-1.11
1372764632629278208,0.4794216,4.79131,-1.11
1786741240207016320,0.5758526,5.30942,-1.11
3203519662598112256,0.6126374,5.50667,-1.11
3715995641391944960,0.4900765,4.84978,-1.11
3765574712337027456,0.5377182,5.10247,-1.11
3789677106728873088,0.4708209,4.74966,-1.11
3952447609809676032,0.4831437,4.81549,-1.11
4406921464023735168,0.5909292,5.39123,-1.11
4547614761457760128,0.6067902,5.47297,-1.11
4574002151468939264,0.5297547,5.05963,-1.11
335413001377399296,0.461757,4.70844,-1.1
816624641913242240,0.4842562,4.82564,-1.1
1188229984071663488,0.5187922,5.00883,-1.1
1260564521895678208,0.535229,5.09559,-1.1
1392591850935130880,0.5099978,4.96431,-1.1
1423201017701436544,0.5129906,4.98082,-1.1
1453588392356674816,0.5409419,5.13051,-1.1
1479635925899133440,0.63952,5.65516,-1.1
2630031989734591744,0.4652289,4.72433,-1.1
2689556491246048896,0.459305,4.69061,-1.1
2717397843647702016,0.5624765,5.24545,-1.1
2731478773668743936,0.5660927,5.25912,-1.1
3406613582100606464,0.4276521,4.5259,-1.1
3786836110417682944,0.6285323,5.59884,-1.1
3855736250657366400,0.4846327,4.82862,-1.1
3873691275538903040,0.6386169,5.65018,-1.1
4373706214180770944,0.5139032,4.98088,-1.1
4467451022240787584,0.5361624,5.10505,-1.1
5014374081858244608,0.5927255,5.40133,-1.1
106337278511338880,0.5582037,5.22818,-1.09
322910282858325888,0.4733952,4.77347,-1.09
352277310724030208,0.5752776,5.32141,-1.09
1065681068034602112,0.4698463,4.75549,-1.09
1308772574857190912,0.6324434,5.6205,-1.09
1388070075006495104,0.5733578,5.30965,-1.09
1770242651619096704,0.5445007,5.15752,-1.09
2547549857234790656,0.5709878,5.29722,-1.09
2828497068363486720,0.6410054,5.6689,-1.09
2856474279171344512,0.5450927,5.15603,-1.09
3744190177544599552,0.5987817,5.44361,-1.09
3869397197301465984,0.5707743,5.29713,-1.09
3900214554018128128,0.5094161,4.97025,-1.09
3938654442597820160,0.4917183,4.87397,-1.09
3944929149299278976,0.4689137,4.75337,-1.09
4545996422077523072,0.5395261,5.12951,-1.09
240950418382889856,0.5398247,5.1342,-1.08
377004021562940928,0.4854245,4.84271,-1.08
632530794438571008,0.4550214,4.68206,-1.08
725424962751669376,0.4723253,4.77641,-1.08
1143864728546769024,0.4903885,4.87284,-1.08
1183706283996839680,0.6045295,5.48483,-1.08
1190407571145745024,0.5059323,4.95423,-1.08
1228339038676252672,0.5241231,5.05027,-1.08
1278291672993263488,0.549695,5.18535,-1.08
1876412082809075456,0.4958159,4.90035,-1.08
3910837176372087168,0.6174521,5.54843,-1.08
4013811216316981632,0.5562925,5.22753,-1.08
4427105439491336320,0.5964514,5.43622,-1.08
5151789464548893184,0.6234243,5.58294,-1.08
795646161917812864,0.5525136,5.21118,-1.07
1294945666381185792,0.4643711,4.74225,-1.07
1295734256736533632,0.6260135,5.60548,-1.07
1315066832249489664,0.4757291,4.80096,-1.07
1416405692244486784,0.4375946,4.59956,-1.07
1918020828324239872,0.4666113,4.7533,-1.07
2558296724402139392,0.553021,5.21574,-1.07
2831758151133154816,0.5556591,5.22824,-1.07
3201175430791113600,0.6305603,5.62527,-1.07
3362793989285136512,0.5597087,5.2496,-1.07
3565562998804647680,0.4537408,4.68645,-1.07
3725927044593226624,0.547671,5.18196,-1.07
3939858682708171776,0.5065393,4.96315,-1.07
3952850134144617216,0.4969092,4.91248,-1.07
3965612234327712128,0.4985824,4.92188,-1.07
4006809938588295296,0.5270751,5.07761,-1.07
4427220475895776256,0.5993091,5.46305,-1.07
4533487621901059072,0.5362601,5.1266,-1.07
5355313117668352,0.4945746,4.90759,-1.06
807666474005693696,0.5811493,5.36973,-1.06
834731365039417856,0.4746598,4.80207,-1.06
949914244660427136,0.6177182,5.56488,-1.06
1154932172072449280,0.4813703,4.83488,-1.06
1613892446042896256,0.4878831,4.87034,-1.06
1622238976248296704,0.6126961,5.53936,-1.06
3688390031154287360,0.4568123,4.70361,-1.06
3702114925566431872,0.5609105,5.26598,-1.06
3903698975085804672,0.5000744,4.93915,-1.06
3926623380208659840,0.4610752,4.73121,-1.06
4006720156591860992,0.4691499,4.7755,-1.06
4428714368600019072,0.509438,4.98548,-1.06
4447301440873846144,0.6113085,5.53293,-1.06
595370015839595648,0.6228242,5.59768,-1.05
751344983008723200,0.5820608,5.38341,-1.05
777128427600786176,0.5626321,5.27775,-1.05
1453844750364714496,0.5628202,5.27983,-1.05
1502318747700390528,0.6105339,5.5343,-1.05
1595323236542050432,0.4626028,4.74771,-1.05
2052162282013412992,0.4869892,4.87377,-1.05
2080455705486937728,0.5331895,5.12385,-1.05
3647211602707158144,0.4837387,4.86076,-1.05
3691140150253757440,0.5069269,4.97845,-1.05
3722337005985307392,0.4960534,4.92157,-1.05
3862138157110295936,0.5338953,5.12753,-1.05
4417610194512953216,0.46099,4.73628,-1.05
703542447977629184,0.5020008,4.96131,-1.04
767240661266672640,0.5849101,5.40602,-1.04
963838597353646848,0.6161674,5.57412,-1.04
1222579006498261376,0.4539945,4.70589,-1.04
1406343202345194496,0.4817537,4.851,-1.04
2538463596221422976,0.4516565,4.69313,-1.04
3681313986635168512,0.5960597,5.46168,-1.04
3702633139140382720,0.4552464,4.71393,-1.04
3829785405419865856,0.513952,5.0239,-1.04
4029682082548204160,0.4604054,4.73934,-1.04
4410660284597524992,0.4896116,4.89683,-1.04
4412750868516623104,0.489412,4.89191,-1.04
4419431432444639360,0.5827415,5.39656,-1.04
4435727053763756288,0.6043075,5.50647,-1.04
97582348455500928,0.5091043,5.00559,-1.03
813915445262890624,0.4819265,4.86152,-1.03
878478252649667840,0.4528556,4.70373,-1.03
1232888199316530176,0.4886934,4.89769,-1.03
1233503444791838976,0.4619539,4.75826,-1.03
1290953133502546176,0.4569324,4.72775,-1.03
1378452887316066688,0.6261901,5.63364,-1.03
1400667282804534656,0.4777533,4.83649,-1.03
1920029812163735680,0.5124798,5.02435,-1.03
2535351527342946048,0.5629811,5.29581,-1.03
2712668053862524544,0.6248914,5.62215,-1.03
3700131612748704000,0.5429949,5.18641,-1.03
3899316042564360576,0.4852403,4.88163,-1.03
4034267492712585088,0.5018569,4.96771,-1.03
4404271469201055104,0.4999982,4.95518,-1.03
630421935431871232,0.4523987,4.71485,-1.02
655297522725970048,0.4915596,4.92029,-1.02
739029628143831552,0.4614096,4.76284,-1.02
1403797832926731008,0.6222907,5.61725,-1.02
2153573641045346304,0.5023565,4.98051,-1.02
2733487787571599616,0.5117187,5.02917,-1.02
3666638289542772608,0.4468495,4.68155,-1.02
3734740905896257024,0.6408773,5.71682,-1.02
3793333296424869504,0.5818606,5.40491,-1.02
3811525128622981504,0.5882488,5.4357,-1.02
4014556788279733888,0.4618949,4.76321,-1.02
926807629846178432,0.4529597,4.72182,-1.01
1283897842264023168,0.4469265,4.68871,-1.01
1566835856634396928,0.5378169,5.17422,-1.01
3637407532400259712,0.5398667,5.18815,-1.01
3652308045260541824,0.441521,4.66046,-1.01
3839232130153219456,0.5477921,5.23132,-1.01
4608806161253188992,0.649295,5.76937,-1.01
725958054092901632,0.4805032,4.87868,-1
1391447499848756992,0.5706089,5.35393,-1
3934437093950418432,0.5484007,5.23601,-1
4424043196529335040,0.6181932,5.61377,-1
365776839610672896,0.4872378,4.92008,-0.99
824295419144173952,0.5491142,5.25142,-0.99
936507899382640768,0.5127445,5.05775,-0.99
1212448759193516672,0.6375846,5.72215,-0.99
1218791876134358016,0.4553867,4.74829,-0.99
1229485794944129024,0.4547935,4.74808,-0.99
1457024469272640512,0.4559717,4.74924,-0.99
1483653713185923072,0.5517621,5.26462,-0.99
1753333197875989248,0.4869951,4.91679,-0.99
2131968508140833920,0.6132149,5.58834,-0.99
2622375506154471680,0.4696791,4.82162,-0.99
3697671279389796352,0.4666744,4.81221,-0.99
603633262334365440,0.488105,4.93303,-0.98
1361968115639832960,0.5433061,5.2253,-0.98
1561928427003019520,0.4680672,4.82005,-0.98
3808673747079607168,0.460824,4.78662,-0.98
3915998558830693888,0.4779802,4.87606,-0.98
4455653709154659072,0.5113831,5.0549,-0.98
4985455998336183168,0.510923,5.05253,-0.98
1058912474454034560,0.4627306,4.80112,-0.97
1199073200242543872,0.4955442,4.97967,-0.97
1520324178317374336,0.4416643,4.68976,-0.97
3808139216924686336,0.5433748,5.23437,-0.97
3975665103500073728,0.5664207,5.35537,-0.97
4416806348434219008,0.507171,5.03954,-0.97
4417499762313443328,0.5195584,5.10379,-0.97
6321036891467501952,0.6074441,5.57789,-0.97
1240106871111082752,0.4546375,4.769,-0.96
1307468932023530880,0.6309181,5.70657,-0.96
1347450198466128768,0.4665983,4.82878,-0.96
1380412285756328704,0.4801083,4.90086,-0.96
2679091614450130688,0.6097057,5.59541,-0.96
2869651101397522944,0.5316803,5.17348,-0.96
56170789184333312,0.4552799,4.77871,-0.95
1179022471837224064,0.4354059,4.67246,-0.95
1261150802111646464,0.4956817,4.99135,-0.95
2133132895253493760,0.4363856,4.6787,-0.95
3651860544027855232,0.5407794,5.22911,-0.95
3746724723645452672,0.4646994,4.8269,-0.95
3835586394408315776,0.5667115,5.37185,-0.95
4580684605187562880,0.5253161,5.15074,-0.95
6339366815454005888,0.4555646,4.77825,-0.95
797526743414637056,0.5610776,5.34755,-0.94
1212368082527527680,0.4345623,4.67039,-0.94
2073301252055048704,0.5478568,5.27442,-0.94
2647066929542024960,0.5940328,5.52155,-0.94
2736368851633174016,0.5078409,5.06641,-0.94
3361958085570023040,0.5328053,5.19363,-0.94
3850016041413970688,0.4873585,4.95121,-0.94
3957925514178507136,0.4834301,4.93643,-0.94
4464755569486077696,0.4416524,4.70886,-0.94
4550498544237216896,0.4547953,4.77785,-0.94
1507677973533087744,0.4588012,4.80932,-0.93
1786853940148941056,0.4583257,4.8082,-0.93
3264911134851481216,0.4601161,4.81665,-0.93
626734207792097152,0.4647711,4.84703,-0.92
841203468437919872,0.5349395,5.21912,-0.92
1299130545075970176,0.5760334,5.43997,-0.92
1518626498004294400,0.6179061,5.66325,-0.92
2690044296451789952,0.5106864,5.09621,-0.92
3693185551119792256,0.5738182,5.43112,-0.92
1234282826737163264,0.4565099,4.80792,-0.91
385851860351256192,0.6432868,5.81324,-0.9
1059744598597646976,0.4575817,4.82039,-0.9
1411345391840760320,0.6097089,5.63591,-0.9
2666553745919648384,0.5485135,5.30691,-0.9
768364499589240064,0.6104752,5.64465,-0.89
993731294857495168,0.6403079,5.80316,-0.89
1013692481781238784,0.4574455,4.82843,-0.89
1215328826822598784,0.5541826,5.34668,-0.89
1337395748745748224,0.453963,4.81089,-0.89
1338388092349825280,0.440332,4.74148,-0.89
1460036134700711040,0.6213527,5.70608,-0.89
3090871397797047296,0.5017524,5.06749,-0.89
4373618253251730432,0.5468114,5.30433,-0.89
1947315224001988096,0.5031634,5.07983,-0.88
2336550174250087936,0.4933578,5.02642,-0.88
2803910579617122560,0.5329746,5.24203,-0.88
4410058473777585024,0.4875644,4.99953,-0.88
2682562459126547456,0.5855869,5.52742,-0.87
4013131374533703680,0.6526645,5.88936,-0.87
5911972631268753792,0.6302321,5.76642,-0.87
303620519579442816,0.4669146,4.90418,-0.86
1563847899426765952,0.4503709,4.81667,-0.86
360727710417107328,0.5194509,5.19153,-0.85
1232837484342871552,0.5560098,5.38632,-0.85
1300357084657241088,0.538444,5.29122,-0.85
2666679743080337920,0.4620326,4.88094,-0.85
3683135052768556160,0.6370377,5.81331,-0.85
936666744453038592,0.458304,4.87036,-0.84
1085933866060657536,0.5214406,5.20624,-0.84
1192860753389427456,0.6033247,5.64372,-0.84
1323572448042850560,0.4629544,4.89178,-0.84
1452673392524942080,0.5196598,5.19759,-0.84
1897480340506625408,0.479392,4.98148,-0.84
2679035023961140608,0.5053471,5.12233,-0.84
6771307454464848768,0.4774863,4.97261,-0.84
67547058041137792,0.5948435,5.60831,-0.83
2256739953788809600,0.4667606,4.9246,-0.83
4000143805747431808,0.4932921,5.06471,-0.83
395870679030956672,0.4539136,4.8631,-0.82
992946862028989440,0.4976307,5.0963,-0.82
1163690950418981248,0.5524448,5.38293,-0.82
3615084457059203456,0.466747,4.9321,-0.82
3869220828764056064,0.5910645,5.59412,-0.82
4553443379973351296,0.4360539,4.76414,-0.82
806723402267841536,0.6455332,5.88687,-0.81
1504755093669017216,0.483937,5.02868,-0.81
3863758729875450624,0.4556987,4.87946,-0.81
3959667827791428224,0.6284021,5.79942,-0.81
4416501989871671424,0.4734976,4.97163,-0.81
973983030933843456,0.5354708,5.31105,-0.8
2618831608379664640,0.5255468,5.2576,-0.8
4380846202174017920,0.4868896,5.05136,-0.8
4450908079528728448,0.547828,5.37662,-0.8
6483680332235888896,0.4796029,5.01456,-0.8
625289896189695616,0.4456862,4.83491,-0.79
1181744244152149248,0.4348678,4.77999,-0.79
1477234833020714112,0.6947537,6.16856,-0.79
2591096118331380096,0.465186,4.93813,-0.79
2877713167329075328,0.666172,6.02218,-0.78
3905521656127998848,0.639777,5.8801,-0.78
4383834915295778688,0.6193746,5.77424,-0.78
4439524212872324736,0.642046,5.89399,-0.78
744128819476073344,0.5010495,5.14529,-0.77
744372945417155968,0.45947,4.92163,-0.77
1181628314394824448,0.61563,5.75901,-0.77
1200982330385261568,0.5000974,5.13877,-0.77
2744644222821280128,0.4895259,5.08465,-0.77
4055098870077726976,0.4273037,4.75448,-0.77
4473829735871817216,0.7214449,6.3215,-0.77
1343504910227526144,0.4582088,4.92664,-0.76
1453309322561517824,0.5015649,5.15452,-0.76
1511084535434223104,0.5294673,5.3035,-0.76
4539703813953248128,0.5482853,5.40505,-0.76
972055522626653696,0.5797908,5.584,-0.75
2142052889490819328,0.4665961,4.98031,-0.75
2682199963886585344,0.5003156,5.15902,-0.75
3737667393532367616,0.4593809,4.94173,-0.75
3958203724980283264,0.5231641,5.28062,-0.75
5764606462177981568,0.6126009,5.7551,-0.75
797848488004938880,0.6370847,5.89329,-0.74
612354519846864384,0.4959424,5.14707,-0.73
4020437629300461056,0.4558493,4.93391,-0.73
4469194332290586880,0.6446158,5.94404,-0.73
580348453620559360,0.4968382,5.16694,-0.71
994299119597106176,0.6202928,5.82802,-0.71
627485346032381184,0.5062798,5.22124,-0.7
623746211929077888,0.5478079,5.45468,-0.69
5947570591534602240,0.4518737,4.94085,-0.69
6655334335221673856,0.4419355,4.89027,-0.69
383323735225390848,0.4783704,5.0871,-0.68
1810769623726355584,0.422691,4.79242,-0.68
2073691475601022336,0.5236456,5.32753,-0.68
4527246587731083008,0.528122,5.35672,-0.68
1306616432555191936,0.7174093,6.37322,-0.67
970094681077413632,0.5237566,5.3443,-0.66
630369880428308224,0.6543457,6.04942,-0.65
3283550777520848256,0.4270513,4.83584,-0.65
3746700942411152640,0.5902993,5.71215,-0.64
4344296958198114688,0.4490015,4.96378,-0.64
642223848430784128,0.4991358,5.23462,-0.63
2110392142931456000,0.5063841,5.27525,-0.63
1228171290138565120,0.5866762,5.70724,-0.62
4427501057519296128,0.5386003,5.45472,-0.62
4033526284436760064,0.6887515,6.25998,-0.61
237169438415139200,0.5697232,5.63633,-0.6
689686230645254912,0.5457739,5.5153,-0.59
2127818405800967936,0.5485838,5.5291,-0.59
2688734709383609344,0.4634021,5.07688,-0.58
1505695657146947072,0.6150432,5.90038,-0.56
3122295611918488192,0.4883197,5.22996,-0.56
2438710609949867776,0.4818661,5.2109,-0.53
3984457275216561408,0.5013053,5.31818,-0.53
317254635562605184,0.3987236,4.77366,-0.52
3464204523694392192,0.4164608,4.87382,-0.52
224476882342567936,0.5700227,5.70112,-0.51
3435443464177079296,0.4892641,5.26464,-0.51
3698725337376560512,0.4756114,5.19645,-0.51
150710990829979776,0.4451554,5.05059,-0.48
1593872160367362688,0.5160352,5.43201,-0.48
2036127829070951936,0.4468546,5.0624,-0.48
1927763776953217664,0.4728134,5.20506,-0.47
349612816093349120,0.4847225,5.27801,-0.46
869311143173059456,0.5231076,5.48229,-0.46
3652665558338018048,0.410808,4.89852,-0.44
203517338858689152,0.4609397,5.17374,-0.43
289277111221429376,0.4506679,5.11635,-0.43
1398766021041835648,0.4699949,5.21852,-0.43
2254366868398077312,0.4764972,5.25332,-0.43
3344969664550721024,0.5554011,5.67563,-0.43
4358763267044361472,0.5034781,5.39591,-0.43
457470440019371392,0.469232,5.22103,-0.42
1212106604918313728,0.4377987,5.05188,-0.42
3904070644375768064,0.629154,6.07677,-0.42
3160394544516695296,0.5235207,5.52277,-0.41
3251423563153021184,0.6403406,6.14277,-0.41
216914956762173056,0.3987289,4.87323,-0.38
6565527904791301504,0.5524347,5.69823,-0.38
345032559889364736,0.495165,5.40697,-0.36
620364805651730176,0.4856451,5.35372,-0.36
1461194435841276288,0.6485483,6.23079,-0.35
1383422714233536000,0.4927155,5.40767,-0.34
4420058532029510400,0.4561476,5.20973,-0.34
4784552718312266624,0.4403805,5.12214,-0.34
968527975790808448,0.5027982,5.46399,-0.33
3439578864846787840,0.527619,5.61251,-0.31
2092346717582126080,0.4174468,5.03945,-0.29
3412159656189990272,0.423571,5.07562,-0.28
3411754176917523456,0.550311,5.76263,-0.27
1544865617151308672,0.4701859,5.345,-0.25
4391493838417783552,0.4109152,5.02797,-0.25
3401604585081522048,0.4398609,5.20074,-0.23
4406651602639288704,0.6245958,6.18922,-0.23
2464743815480510592,0.4582827,5.30774,-0.22
4427066402532783744,0.5752012,5.92689,-0.22
5489248167437670272,0.4413329,5.21963,-0.21
1546016672688675200,0.5995825,6.07107,-0.2
3546458301374134528,0.4120107,5.07273,-0.2
4432110038465080320,0.62167,6.19403,-0.2
5510293236607430656,0.3907454,4.97474,-0.18
4596935593202765184,0.3996004,5.03381,-0.16
1191510003353849472,0.5220714,5.69633,-0.15
3161357716702696448,0.433271,5.22272,-0.15
346052906680064896,0.5068473,5.62115,-0.14
144809087288307584,0.3906014,5.03137,-0.1
886793515494085248,0.3972826,5.06933,-0.09
182142003881848832,0.4560923,5.39841,-0.07
6735230515154698880,0.3675673,4.94379,-0.05
243536332293498624,0.3839999,5.03803,-0.04
694936123790266368,0.4362819,5.32617,-0.02
6654418167157184000,0.4075039,5.17886,-0.01
2104438871583819904,0.4881529,5.62005,0
4224859720193721856,0.3617874,4.95203,0.01
4473628559603349888,0.3806846,5.05419,0.01
1397846073407057792,0.6338983,6.41817,0.03
2127827579851196800,0.4337712,5.34745,0.03
1942612269171910400,0.4536336,5.47127,0.05
3236890901356465408,0.5030071,5.79478,0.14
4542766121337536896,0.3785182,5.12963,0.14
6910611591970329216,0.4063639,5.29151,0.15
182798760218822272,0.4172846,5.3533,0.16
932265021450529920,0.5000139,5.7963,0.16
234108363683247616,0.4255558,5.42001,0.19
1853751148171392256,0.4198659,5.39067,0.19
4392082867412265472,0.3650975,5.09696,0.19
3407338675658659072,0.4633508,5.62836,0.2
680218817055329920,0.3673333,5.14585,0.24
1760981190300823808,0.4726288,5.74564,0.3
2690019729238854272,0.5347795,6.07765,0.3
1793460115244988800,0.3903863,5.32623,0.33
4538111343165089280,0.3726232,5.26253,0.37
5815008831122635520,0.3740349,5.2979,0.41
4352084489819078784,0.3970254,5.42569,0.42
717128151089339904,0.5898462,6.49398,0.47
2857456211775108480,0.4422577,5.7158,0.49
1178435848023738624,0.6121154,6.64057,0.51
